Percentile,Frame (ms), GT (ms), RT (ms), GPU (ms),Context
25,29.49,7.18,23.25,0.00,0
50,33.97,8.88,27.36,0.00,0
75,37.61,11.32,31.95,0.00,0
Time (sec),Frame (ms), GT (ms), RT (ms), GPU (ms),Context
0.00,960.33,10.84,13.65,0.00,0
0.96,2094.58,19.33,2393.80,0.00,0
3.05,188.00,32.77,191.72,0.00,0
3.24,48.37,18.23,48.39,0.00,0
3.29,52.94,10.52,51.79,0.00,0
3.34,52.39,15.60,41.67,0.00,0
3.40,46.28,14.09,44.47,0.00,0
3.44,56.72,12.06,39.48,0.00,0
3.50,44.72,12.23,38.57,0.00,0
3.54,64.01,14.88,35.68,0.00,0
3.61,70.37,43.62,69.10,0.00,0
3.68,46.32,10.36,44.56,0.00,0
3.73,48.69,12.26,37.49,0.00,0
3.77,42.38,10.68,39.88,0.00,0
3.82,61.33,16.33,59.91,0.00,0
3.88,38.03,11.76,35.07,0.00,0
3.92,42.85,11.27,41.35,0.00,0
3.96,42.30,10.74,31.95,0.00,0
4.00,47.05,11.30,45.75,0.00,0
4.05,46.26,18.98,44.87,0.00,0
4.09,37.67,18.00,28.72,0.00,0
4.13,40.53,9.84,30.80,0.00,0
4.17,61.40,12.80,59.28,0.00,0
4.23,46.51,17.61,46.72,0.00,0
4.28,57.33,15.02,49.07,0.00,0
4.34,47.94,12.08,46.61,0.00,0
4.39,51.97,10.57,50.65,0.00,0
4.44,55.97,10.93,50.01,0.00,0
4.49,46.51,15.55,45.93,0.00,0
4.54,51.41,12.40,49.21,0.00,0
4.59,54.69,10.39,44.38,0.00,0
4.65,47.31,18.60,45.26,0.00,0
4.69,61.73,25.93,60.89,0.00,0
4.75,52.55,23.98,42.55,0.00,0
4.81,50.67,29.20,49.77,0.00,0
4.86,51.32,16.34,39.45,0.00,0
4.91,53.75,23.01,49.55,0.00,0
4.96,51.81,14.11,45.10,0.00,0
5.01,52.80,17.03,47.46,0.00,0
5.07,53.80,16.42,46.88,0.00,0
5.12,53.83,12.96,53.21,0.00,0
5.18,52.14,11.76,47.14,0.00,0
5.23,54.37,18.23,45.87,0.00,0
5.28,52.68,12.34,41.97,0.00,0
5.33,55.16,41.86,54.25,0.00,0
5.39,52.38,13.00,40.40,0.00,0
5.44,52.87,16.43,43.59,0.00,0
5.50,53.55,10.35,43.93,0.00,0
5.55,53.75,19.49,45.87,0.00,0
5.60,52.21,14.35,43.20,0.00,0
5.65,53.15,14.10,41.78,0.00,0
5.71,53.24,12.54,44.25,0.00,0
5.76,53.64,15.98,46.54,0.00,0
5.81,54.20,11.03,41.92,0.00,0
5.87,55.41,32.39,51.78,0.00,0
5.92,53.66,13.31,41.74,0.00,0
5.98,54.88,9.33,42.67,0.00,0
6.03,59.35,9.24,47.33,0.00,0
6.09,49.50,10.35,43.28,0.00,0
6.14,71.69,8.75,44.53,0.00,0
6.21,43.58,17.03,44.83,0.00,0
6.26,46.97,12.74,35.97,0.00,0
6.30,53.99,10.96,40.99,0.00,0
6.36,54.15,10.27,49.40,0.00,0
6.41,53.84,13.26,45.96,0.00,0
6.47,53.54,10.71,41.66,0.00,0
6.52,54.12,9.61,50.83,0.00,0
6.57,53.03,19.82,50.54,0.00,0
6.63,52.98,14.28,41.46,0.00,0
6.68,52.81,8.33,40.48,0.00,0
6.73,53.07,10.97,43.76,0.00,0
6.79,52.85,9.16,40.90,0.00,0
6.84,53.37,10.73,42.59,0.00,0
6.89,44.99,10.47,40.46,0.00,0
6.94,48.05,11.53,43.47,0.00,0
6.98,47.54,10.01,39.47,0.00,0
7.03,47.18,9.35,41.42,0.00,0
7.08,45.30,9.31,43.84,0.00,0
7.12,46.09,9.79,44.08,0.00,0
7.17,45.50,10.99,36.80,0.00,0
7.22,44.59,10.92,37.02,0.00,0
7.26,43.58,10.21,35.51,0.00,0
7.30,42.72,10.85,35.25,0.00,0
7.35,42.31,10.52,37.78,0.00,0
7.39,46.13,9.03,44.79,0.00,0
7.44,51.91,10.73,39.15,0.00,0
7.49,51.95,7.94,39.92,0.00,0
7.54,46.82,9.30,45.15,0.00,0
7.59,48.52,12.42,38.95,0.00,0
7.63,47.99,12.56,44.91,0.00,0
7.68,46.70,8.93,37.33,0.00,0
7.73,45.50,9.28,35.13,0.00,0
7.77,45.34,12.17,36.09,0.00,0
7.82,44.68,11.32,42.97,0.00,0
7.86,45.65,15.91,43.18,0.00,0
7.91,44.79,12.68,37.75,0.00,0
7.96,45.12,12.59,38.20,0.00,0
8.00,45.35,8.56,42.27,0.00,0
8.05,45.26,8.69,35.25,0.00,0
8.09,45.04,11.07,35.17,0.00,0
8.14,45.23,8.08,35.71,0.00,0
8.18,45.29,9.81,34.97,0.00,0
8.23,44.55,12.94,35.05,0.00,0
8.27,47.71,10.43,36.40,0.00,0
8.32,42.37,7.46,39.04,0.00,0
8.36,45.01,11.77,38.40,0.00,0
8.41,45.64,9.02,34.94,0.00,0
8.45,44.91,16.73,45.59,0.00,0
8.50,44.33,14.21,37.28,0.00,0
8.54,46.75,25.41,45.85,0.00,0
8.59,45.11,16.52,33.65,0.00,0
8.63,46.17,16.48,45.66,0.00,0
8.68,44.05,13.54,34.25,0.00,0
8.72,46.12,19.74,39.46,0.00,0
8.77,45.39,17.45,33.28,0.00,0
8.81,45.41,20.95,43.43,0.00,0
8.86,46.58,12.66,34.80,0.00,0
8.91,45.51,39.98,44.77,0.00,0
8.95,44.87,17.02,30.41,0.00,0
9.00,47.44,12.21,36.20,0.00,0
9.04,52.36,14.48,32.66,0.00,0
9.10,40.06,34.18,39.26,0.00,0
9.14,38.70,29.88,37.69,0.00,0
9.18,35.35,12.41,24.29,0.00,0
9.21,46.77,25.21,45.35,0.00,0
9.26,46.37,12.59,13.92,0.00,0
9.30,36.29,33.79,36.39,0.00,0
9.34,34.97,9.39,19.16,0.00,0
9.38,39.60,38.33,38.10,0.00,0
9.42,22.05,22.14,19.70,0.00,0
9.44,42.55,16.64,24.42,0.00,0
9.48,29.17,28.91,28.97,0.00,0
9.51,30.88,23.42,24.63,0.00,0
9.54,40.70,14.26,16.06,0.00,0
9.58,35.25,28.07,34.53,0.00,0
9.62,41.56,14.58,20.26,0.00,0
9.66,31.51,37.72,27.18,0.00,0
9.69,26.40,10.45,22.20,0.00,0
9.72,39.52,7.94,14.27,0.00,0
9.75,28.26,20.56,26.53,0.00,0
9.78,41.32,12.88,37.37,0.00,0
9.82,48.78,11.35,33.61,0.00,0
9.87,42.18,7.68,29.33,0.00,0
9.92,39.63,9.62,31.60,0.00,0
9.95,40.71,6.99,30.90,0.00,0
10.00,40.96,7.19,31.96,0.00,0
10.04,43.62,10.53,42.83,0.00,0
10.08,41.44,10.81,36.41,0.00,0
10.12,45.35,9.32,37.19,0.00,0
10.17,45.64,8.70,35.94,0.00,0
10.21,44.82,11.03,38.67,0.00,0
10.26,45.42,11.29,36.18,0.00,0
10.30,45.78,10.25,41.01,0.00,0
10.35,44.76,9.14,32.99,0.00,0
10.39,45.98,12.44,44.93,0.00,0
10.44,44.67,12.88,38.83,0.00,0
10.48,46.52,10.45,43.09,0.00,0
10.53,51.12,14.89,50.35,0.00,0
10.58,45.30,11.63,44.32,0.00,0
10.63,39.25,8.70,37.62,0.00,0
10.67,43.78,10.93,36.76,0.00,0
10.71,43.13,12.29,39.84,0.00,0
10.75,44.56,9.67,33.50,0.00,0
10.80,43.51,10.15,33.48,0.00,0
10.84,40.86,11.08,35.92,0.00,0
10.88,42.02,9.82,32.06,0.00,0
10.92,41.12,9.58,34.38,0.00,0
10.97,42.58,9.74,30.99,0.00,0
11.01,39.75,9.40,32.66,0.00,0
11.05,41.84,10.28,31.73,0.00,0
11.09,39.46,9.21,36.72,0.00,0
11.13,40.90,11.81,35.00,0.00,0
11.17,40.17,9.02,31.93,0.00,0
11.21,38.11,12.11,32.40,0.00,0
11.25,39.77,8.26,30.42,0.00,0
11.29,45.65,10.26,44.37,0.00,0
11.33,38.94,9.98,37.29,0.00,0
11.37,33.41,14.91,31.05,0.00,0
11.41,39.47,7.83,31.12,0.00,0
11.45,38.97,10.20,29.92,0.00,0
11.48,38.80,7.36,31.93,0.00,0
11.52,37.95,9.77,28.85,0.00,0
11.56,38.95,9.82,31.65,0.00,0
11.60,38.16,8.09,33.30,0.00,0
11.64,38.05,10.13,27.73,0.00,0
11.68,38.70,8.11,32.47,0.00,0
11.71,38.27,9.99,31.91,0.00,0
11.75,38.42,8.93,29.88,0.00,0
11.79,38.46,10.06,35.57,0.00,0
11.83,38.75,7.85,26.76,0.00,0
11.87,38.07,8.72,28.81,0.00,0
11.91,38.12,10.17,30.88,0.00,0
11.94,36.52,10.90,28.57,0.00,0
11.98,37.78,9.13,27.95,0.00,0
12.02,44.14,8.12,29.82,0.00,0
12.06,36.01,10.11,34.44,0.00,0
12.10,44.76,13.31,39.12,0.00,0
12.14,44.48,14.68,28.46,0.00,0
12.19,38.37,7.03,31.80,0.00,0
12.23,42.65,9.51,35.11,0.00,0
12.27,43.47,8.59,34.43,0.00,0
12.31,42.41,13.88,32.63,0.00,0
12.36,40.99,8.92,27.47,0.00,0
12.40,37.65,8.70,33.35,0.00,0
12.43,46.18,13.72,31.62,0.00,0
12.48,39.99,11.51,30.51,0.00,0
12.52,42.26,13.08,31.14,0.00,0
12.56,37.93,9.46,34.54,0.00,0
12.60,45.08,9.78,26.46,0.00,0
12.65,38.95,7.05,30.01,0.00,0
12.68,42.95,9.62,27.14,0.00,0
12.73,39.61,9.75,38.44,0.00,0
12.77,45.05,23.83,28.44,0.00,0
12.81,39.49,6.96,30.33,0.00,0
12.85,42.51,10.31,30.02,0.00,0
12.89,39.58,8.01,29.99,0.00,0
12.93,39.80,5.80,31.67,0.00,0
12.97,42.54,7.45,26.87,0.00,0
13.02,30.00,6.98,28.69,0.00,0
13.05,38.98,12.15,31.49,0.00,0
13.08,33.72,15.77,31.84,0.00,0
13.12,343.46,13.40,342.94,0.00,0
13.46,36.90,21.79,35.85,0.00,0
13.50,32.35,9.60,31.25,0.00,0
13.53,37.41,12.68,35.98,0.00,0
13.57,35.14,10.45,29.30,0.00,0
13.60,36.41,8.90,24.77,0.00,0
13.64,30.04,6.77,28.94,0.00,0
13.67,40.61,7.81,29.50,0.00,0
13.71,30.59,10.68,26.93,0.00,0
13.74,35.09,14.01,30.38,0.00,0
13.78,33.07,10.03,31.71,0.00,0
13.81,48.32,9.25,22.34,0.00,0
13.86,32.12,23.69,31.02,0.00,0
13.89,36.33,8.69,22.81,0.00,0
13.93,30.95,7.14,29.94,0.00,0
13.96,39.16,10.35,26.91,0.00,0
14.00,30.51,6.74,29.54,0.00,0
14.03,39.88,15.60,28.24,0.00,0
14.07,30.33,10.56,27.41,0.00,0
14.10,39.18,13.72,24.26,0.00,0
14.14,33.78,18.55,31.82,0.00,0
14.17,33.86,12.11,26.73,0.00,0
14.20,34.62,8.74,26.72,0.00,0
14.24,32.68,8.97,28.68,0.00,0
14.27,38.16,11.48,28.31,0.00,0
14.31,31.59,9.19,28.32,0.00,0
14.34,39.99,10.94,27.90,0.00,0
14.38,35.53,8.43,33.62,0.00,0
14.42,33.92,9.06,25.69,0.00,0
14.45,32.77,9.09,30.49,0.00,0
14.48,41.04,10.19,28.44,0.00,0
14.52,30.71,9.88,26.97,0.00,0
14.56,38.89,12.73,27.24,0.00,0
14.59,34.98,10.51,33.75,0.00,0
14.63,38.63,16.08,24.50,0.00,0
14.67,29.43,8.79,27.78,0.00,0
14.70,42.23,10.90,24.17,0.00,0
14.74,34.37,8.74,32.85,0.00,0
14.77,32.96,9.20,25.71,0.00,0
14.81,34.32,9.32,29.68,0.00,0
14.84,34.98,9.87,31.68,0.00,0
14.88,39.23,11.58,31.93,0.00,0
14.92,32.22,11.92,30.25,0.00,0
14.95,41.13,14.03,31.83,0.00,0
14.99,32.11,10.37,31.24,0.00,0
15.02,38.58,13.28,36.31,0.00,0
15.06,36.13,19.94,31.24,0.00,0
15.10,34.87,10.09,32.50,0.00,0
15.13,38.27,15.55,36.78,0.00,0
15.17,39.76,11.75,37.39,0.00,0
15.21,44.50,9.35,36.40,0.00,0
15.25,43.40,11.94,30.47,0.00,0
15.30,44.10,10.86,38.57,0.00,0
15.34,43.64,14.49,30.72,0.00,0
15.38,42.89,11.69,41.90,0.00,0
15.43,124.74,9.24,123.80,0.00,0
15.55,44.17,11.23,25.77,0.00,0
15.60,39.79,10.05,31.17,0.00,0
15.64,36.59,11.23,36.27,0.00,0
15.67,42.27,10.03,31.30,0.00,0
15.71,41.03,15.17,39.76,0.00,0
15.76,40.85,16.95,22.91,0.00,0
15.80,39.06,8.02,26.64,0.00,0
15.84,37.87,7.99,31.65,0.00,0
15.87,40.39,8.67,27.11,0.00,0
15.91,38.12,6.62,30.57,0.00,0
15.95,40.78,7.27,28.46,0.00,0
15.99,37.37,9.05,30.56,0.00,0
16.03,41.35,12.19,25.98,0.00,0
16.07,35.80,13.30,34.08,0.00,0
16.11,52.34,14.38,28.62,0.00,0
16.16,39.80,23.56,39.08,0.00,0
16.20,41.81,12.19,25.34,0.00,0
16.24,38.30,9.59,31.87,0.00,0
16.28,42.22,8.65,29.85,0.00,0
16.32,33.42,6.98,31.77,0.00,0
16.35,31.16,11.49,25.09,0.00,0
16.39,33.32,8.69,26.58,0.00,0
16.42,35.36,9.57,34.05,0.00,0
16.45,39.18,9.22,37.50,0.00,0
16.49,32.78,8.64,27.62,0.00,0
16.53,35.65,9.24,26.06,0.00,0
16.56,29.52,7.03,28.67,0.00,0
16.59,38.19,9.42,30.83,0.00,0
16.63,38.13,10.32,36.35,0.00,0
16.67,37.43,20.33,36.80,0.00,0
16.71,35.31,8.86,22.77,0.00,0
16.74,29.06,8.06,27.52,0.00,0
16.77,38.33,9.47,29.80,0.00,0
16.81,31.58,10.82,30.72,0.00,0
16.84,38.16,20.59,28.98,0.00,0
16.88,31.47,9.80,26.73,0.00,0
16.91,34.61,8.04,29.26,0.00,0
16.94,35.96,11.24,23.66,0.00,0
16.98,35.79,8.93,34.63,0.00,0
17.02,33.87,8.28,26.63,0.00,0
17.05,30.98,7.43,28.35,0.00,0
17.08,41.23,9.29,31.41,0.00,0
17.12,41.84,8.99,29.09,0.00,0
17.16,42.10,8.87,28.11,0.00,0
17.21,42.41,7.22,30.82,0.00,0
17.25,42.15,8.97,36.61,0.00,0
17.29,42.35,8.02,31.25,0.00,0
17.33,37.51,8.10,29.59,0.00,0
17.37,37.94,7.16,36.07,0.00,0
17.41,38.03,7.17,31.50,0.00,0
17.45,37.80,8.84,28.72,0.00,0
17.48,35.95,7.54,30.30,0.00,0
17.52,38.40,8.52,31.50,0.00,0
17.56,37.66,7.45,31.33,0.00,0
17.60,38.35,7.30,30.31,0.00,0
17.63,37.03,6.70,30.09,0.00,0
17.67,37.53,7.58,31.44,0.00,0
17.71,37.39,8.16,28.56,0.00,0
17.75,36.22,8.41,31.90,0.00,0
17.78,36.30,8.37,30.64,0.00,0
17.82,36.75,7.54,28.60,0.00,0
17.86,38.38,6.97,33.26,0.00,0
17.89,35.42,8.87,29.98,0.00,0
17.93,34.54,10.35,32.13,0.00,0
17.96,36.66,8.70,35.56,0.00,0
18.00,36.72,9.80,28.33,0.00,0
18.04,37.14,10.77,26.20,0.00,0
18.07,34.51,7.15,28.96,0.00,0
18.11,35.16,7.44,29.80,0.00,0
18.14,34.95,8.45,29.79,0.00,0
18.18,37.12,8.50,30.22,0.00,0
18.22,37.20,7.62,27.25,0.00,0
18.25,36.88,6.53,25.93,0.00,0
18.29,35.81,8.66,27.30,0.00,0
18.33,34.59,7.94,29.57,0.00,0
18.36,36.28,6.57,26.78,0.00,0
18.40,35.99,8.49,28.88,0.00,0
18.43,35.61,6.10,27.36,0.00,0
18.47,34.96,7.55,27.78,0.00,0
18.50,34.31,6.02,28.88,0.00,0
18.54,35.61,7.22,28.11,0.00,0
18.57,36.24,6.84,25.94,0.00,0
18.61,36.73,6.47,28.70,0.00,0
18.65,35.83,6.06,27.46,0.00,0
18.68,36.67,5.80,27.96,0.00,0
18.72,37.21,7.29,30.98,0.00,0
18.76,38.33,8.00,28.11,0.00,0
18.79,37.00,6.52,28.69,0.00,0
18.83,36.85,6.86,27.10,0.00,0
18.87,36.54,6.85,29.39,0.00,0
18.90,36.35,8.30,31.65,0.00,0
18.94,36.95,8.82,32.04,0.00,0
18.98,34.93,8.53,28.95,0.00,0
19.01,37.25,7.48,27.65,0.00,0
19.05,40.68,10.77,39.51,0.00,0
19.09,42.33,12.66,41.59,0.00,0
19.13,43.54,9.07,35.24,0.00,0
19.18,43.74,9.93,36.22,0.00,0
19.22,42.15,10.72,31.67,0.00,0
19.26,42.76,8.28,30.64,0.00,0
19.31,41.86,8.75,40.72,0.00,0
19.35,41.54,11.03,28.87,0.00,0
19.39,41.00,8.96,28.97,0.00,0
19.43,45.90,8.41,26.09,0.00,0
19.48,42.03,13.33,40.15,0.00,0
19.52,37.09,13.49,32.53,0.00,0
19.56,40.79,7.70,32.13,0.00,0
19.60,37.24,10.85,32.16,0.00,0
19.63,39.40,10.14,34.78,0.00,0
19.67,41.43,9.81,27.74,0.00,0
19.71,34.46,15.49,33.13,0.00,0
19.75,44.36,17.86,32.88,0.00,0
19.79,34.56,9.25,32.52,0.00,0
19.83,49.31,11.81,25.98,0.00,0
19.88,38.53,10.00,36.49,0.00,0
19.92,37.91,10.06,24.60,0.00,0
19.95,35.13,6.72,31.32,0.00,0
19.99,41.48,10.66,26.07,0.00,0
20.03,38.96,8.55,29.95,0.00,0
20.07,39.03,14.17,35.24,0.00,0
20.11,35.79,15.81,34.73,0.00,0
20.14,48.85,18.00,27.77,0.00,0
20.19,40.06,25.93,39.54,0.00,0
20.23,40.59,21.39,30.76,0.00,0
20.27,142.40,28.38,140.97,0.00,0
20.42,35.22,16.52,34.25,0.00,0
20.45,42.14,21.90,41.10,0.00,0
20.49,33.12,18.04,29.84,0.00,0
20.53,39.79,15.26,37.95,0.00,0
20.57,34.42,16.31,32.54,0.00,0
20.60,122.14,16.14,121.12,0.00,0
20.72,30.55,13.95,26.95,0.00,0
20.75,41.00,25.19,38.34,0.00,0
20.79,41.75,15.73,33.84,0.00,0
20.84,42.17,10.62,37.80,0.00,0
20.88,40.66,12.63,28.63,0.00,0
20.92,35.16,25.27,31.71,0.00,0
20.95,129.42,11.51,128.17,0.00,0
21.08,36.29,17.24,31.15,0.00,0
21.12,40.66,14.55,32.79,0.00,0
21.16,40.28,13.20,33.74,0.00,0
21.20,39.60,9.20,32.97,0.00,0
21.24,39.92,9.42,30.82,0.00,0
21.28,38.99,12.24,33.66,0.00,0
21.32,39.76,11.38,36.23,0.00,0
21.36,39.71,12.13,30.08,0.00,0
21.40,39.75,11.24,30.32,0.00,0
21.44,39.95,20.20,30.37,0.00,0
21.48,48.75,29.38,47.19,0.00,0
21.53,33.90,14.16,29.40,0.00,0
21.56,46.97,32.38,46.32,0.00,0
21.61,36.83,12.19,35.76,0.00,0
21.64,37.47,14.60,36.50,0.00,0
21.68,38.14,14.94,32.38,0.00,0
21.72,38.26,10.32,34.99,0.00,0
21.76,38.76,11.01,32.63,0.00,0
21.80,38.47,12.35,35.95,0.00,0
21.84,38.69,16.21,29.15,0.00,0
21.87,38.83,9.31,32.43,0.00,0
21.91,38.14,10.44,28.51,0.00,0
21.95,43.06,13.16,41.29,0.00,0
21.99,32.96,12.99,32.12,0.00,0
22.03,39.51,16.34,37.44,0.00,0
22.07,38.38,12.97,30.18,0.00,0
22.10,39.19,9.62,32.70,0.00,0
22.14,38.31,13.17,31.63,0.00,0
22.18,38.62,11.62,31.15,0.00,0
22.22,37.95,9.58,34.99,0.00,0
22.26,38.79,12.12,30.86,0.00,0
22.30,39.25,8.49,28.07,0.00,0
22.34,37.57,28.64,34.74,0.00,0
22.37,37.76,10.59,30.09,0.00,0
22.41,38.03,9.14,28.67,0.00,0
22.45,38.59,8.39,25.37,0.00,0
22.49,37.52,9.59,29.52,0.00,0
22.53,38.11,8.05,33.15,0.00,0
22.56,38.01,9.20,28.29,0.00,0
22.60,37.93,7.72,28.07,0.00,0
22.64,38.98,21.66,38.08,0.00,0
22.68,39.27,26.11,38.40,0.00,0
22.72,38.49,11.87,36.89,0.00,0
22.76,42.67,15.00,41.43,0.00,0
22.80,41.11,20.01,39.86,0.00,0
22.84,41.80,26.52,40.28,0.00,0
22.88,32.69,13.78,28.80,0.00,0
22.92,38.35,13.34,32.58,0.00,0
22.95,40.31,9.48,26.74,0.00,0
22.99,36.74,12.43,32.52,0.00,0
23.03,39.16,12.56,38.18,0.00,0
23.07,46.67,8.45,45.51,0.00,0
23.12,40.79,10.90,39.89,0.00,0
23.16,42.44,9.56,41.22,0.00,0
23.20,34.68,7.95,34.03,0.00,0
23.23,39.91,7.24,38.08,0.00,0
23.27,40.06,10.19,38.49,0.00,0
23.31,41.01,8.59,36.51,0.00,0
23.36,40.29,9.70,32.30,0.00,0
23.40,40.82,8.77,40.13,0.00,0
23.44,40.18,8.46,38.59,0.00,0
23.48,39.80,8.19,36.38,0.00,0
23.52,39.60,8.38,36.40,0.00,0
23.56,40.84,10.13,33.41,0.00,0
23.60,39.77,7.35,33.25,0.00,0
23.64,41.41,9.65,40.68,0.00,0
23.68,39.01,9.30,36.07,0.00,0
23.72,39.96,7.37,32.55,0.00,0
23.76,39.70,8.97,34.24,0.00,0
23.80,39.76,8.98,34.40,0.00,0
23.84,39.88,9.83,37.98,0.00,0
23.88,39.49,6.98,33.46,0.00,0
23.92,40.34,8.18,39.02,0.00,0
23.96,38.63,8.65,36.11,0.00,0
24.00,39.83,8.61,34.89,0.00,0
24.03,41.30,8.51,40.56,0.00,0
24.08,37.66,9.76,35.01,0.00,0
24.11,39.77,7.10,33.77,0.00,0
24.15,39.36,6.72,33.28,0.00,0
24.19,39.45,9.32,32.49,0.00,0
24.23,39.55,7.82,33.64,0.00,0
24.27,39.21,9.19,33.57,0.00,0
24.31,39.72,7.18,34.72,0.00,0
24.35,38.98,8.80,36.76,0.00,0
24.39,39.32,9.19,38.24,0.00,0
24.43,39.38,7.21,34.91,0.00,0
24.47,40.16,9.73,34.31,0.00,0
24.51,38.15,8.20,35.83,0.00,0
24.55,38.73,9.49,31.00,0.00,0
24.59,38.99,8.64,31.27,0.00,0
24.62,38.31,7.50,34.12,0.00,0
24.66,38.55,8.24,33.99,0.00,0
24.70,38.22,9.36,31.12,0.00,0
24.74,38.24,6.39,30.86,0.00,0
24.78,38.10,10.61,35.43,0.00,0
24.82,38.53,8.79,37.42,0.00,0
24.85,38.39,7.82,33.97,0.00,0
24.89,39.92,7.42,32.78,0.00,0
24.93,38.04,9.79,30.21,0.00,0
24.97,40.63,10.71,34.47,0.00,0
25.01,40.02,8.12,38.53,0.00,0
25.05,42.04,9.76,39.86,0.00,0
25.09,38.82,11.54,36.66,0.00,0
25.13,40.54,9.70,33.73,0.00,0
25.17,39.56,9.31,36.74,0.00,0
25.21,38.96,9.60,37.90,0.00,0
25.25,38.55,8.56,31.43,0.00,0
25.29,38.65,7.78,34.22,0.00,0
25.33,38.54,7.63,36.05,0.00,0
25.37,38.08,8.16,36.24,0.00,0
25.41,38.12,8.15,34.03,0.00,0
25.44,38.09,7.09,35.07,0.00,0
25.48,42.71,6.98,41.43,0.00,0
25.52,33.46,8.62,32.76,0.00,0
25.56,38.46,7.48,31.01,0.00,0
25.60,37.71,7.58,31.77,0.00,0
25.63,37.87,8.16,36.91,0.00,0
25.67,38.23,6.35,33.87,0.00,0
25.71,37.98,6.52,31.94,0.00,0
25.75,37.83,9.76,35.90,0.00,0
25.79,37.95,6.89,34.26,0.00,0
25.82,37.61,6.85,36.09,0.00,0
25.86,38.00,7.68,32.51,0.00,0
25.90,38.40,7.25,32.26,0.00,0
25.94,37.43,7.65,34.58,0.00,0
25.98,37.83,6.46,35.53,0.00,0
26.01,37.78,7.59,31.15,0.00,0
26.05,37.95,7.20,33.97,0.00,0
26.09,38.82,8.53,37.77,0.00,0
26.13,37.74,7.65,32.96,0.00,0
26.17,37.62,6.75,31.68,0.00,0
26.20,37.57,6.54,35.87,0.00,0
26.24,37.74,7.85,35.47,0.00,0
26.28,37.60,7.47,36.59,0.00,0
26.32,37.96,7.40,34.71,0.00,0
26.35,37.44,8.32,36.02,0.00,0
26.39,37.95,7.47,31.81,0.00,0
26.43,37.29,7.05,33.22,0.00,0
26.47,37.06,7.50,35.12,0.00,0
26.50,37.29,6.41,34.76,0.00,0
26.54,37.25,7.49,32.47,0.00,0
26.58,36.77,7.21,30.81,0.00,0
26.61,36.45,5.81,31.16,0.00,0
26.65,37.15,6.82,36.14,0.00,0
26.69,37.23,6.75,35.70,0.00,0
26.73,36.75,7.09,33.49,0.00,0
26.76,36.07,7.23,29.94,0.00,0
26.80,36.61,6.66,30.46,0.00,0
26.84,36.72,5.79,33.51,0.00,0
26.87,36.55,7.30,32.86,0.00,0
26.91,39.30,9.23,23.06,0.00,0
26.95,35.99,6.05,30.51,0.00,0
26.98,38.27,6.38,29.35,0.00,0
27.02,36.17,5.84,26.14,0.00,0
27.06,36.11,9.04,29.30,0.00,0
27.09,37.46,10.09,26.61,0.00,0
27.13,36.85,5.96,30.19,0.00,0
27.17,36.92,8.86,28.17,0.00,0
27.21,34.25,13.12,31.78,0.00,0
27.24,39.86,8.92,26.49,0.00,0
27.28,36.67,6.45,27.48,0.00,0
27.32,37.04,5.69,25.69,0.00,0
27.35,36.67,7.49,24.96,0.00,0
27.39,37.70,7.99,28.94,0.00,0
27.43,36.21,6.35,28.75,0.00,0
27.46,36.84,7.20,25.51,0.00,0
27.50,35.74,8.27,30.52,0.00,0
27.54,38.79,7.14,27.16,0.00,0
27.58,37.37,5.57,28.99,0.00,0
27.61,36.59,7.97,30.30,0.00,0
27.65,37.72,11.08,28.56,0.00,0
27.69,35.73,8.86,34.75,0.00,0
27.72,39.55,11.22,27.46,0.00,0
27.76,37.17,8.17,28.20,0.00,0
27.80,36.75,7.00,28.60,0.00,0
27.84,36.49,6.62,32.44,0.00,0
27.87,31.24,9.87,27.07,0.00,0
27.90,28.88,6.51,26.35,0.00,0
27.93,32.49,7.65,24.38,0.00,0
27.97,32.72,5.64,31.44,0.00,0
28.00,26.70,9.17,26.00,0.00,0
28.02,32.38,8.21,25.29,0.00,0
28.06,27.47,11.66,25.59,0.00,0
28.08,38.69,11.13,21.36,0.00,0
28.12,30.23,15.02,27.27,0.00,0
28.15,24.11,12.22,23.16,0.00,0
28.18,31.40,7.21,24.87,0.00,0
28.21,27.37,7.65,25.51,0.00,0
28.24,30.54,14.21,29.59,0.00,0
28.27,33.65,17.00,28.87,0.00,0
28.30,29.65,8.33,22.84,0.00,0
28.33,28.36,6.62,25.32,0.00,0
28.36,30.32,7.44,27.21,0.00,0
28.39,31.13,7.54,21.74,0.00,0
28.42,29.28,6.55,22.44,0.00,0
28.45,32.34,9.85,31.31,0.00,0
28.48,28.25,14.73,21.29,0.00,0
28.51,27.84,12.04,26.21,0.00,0
28.54,38.29,12.62,20.59,0.00,0
28.58,31.29,11.50,30.61,0.00,0
28.61,29.49,10.14,20.15,0.00,0
28.64,28.29,6.49,24.33,0.00,0
28.67,32.67,7.77,30.40,0.00,0
28.70,27.30,8.97,24.66,0.00,0
28.73,28.14,8.48,25.93,0.00,0
28.75,28.02,9.62,27.15,0.00,0
28.78,32.71,7.73,24.79,0.00,0
28.81,27.52,8.15,24.41,0.00,0
28.84,30.37,11.08,23.21,0.00,0
28.87,33.83,28.08,32.35,0.00,0
28.91,28.05,9.69,22.54,0.00,0
28.93,30.59,7.60,29.48,0.00,0
28.96,25.39,12.15,24.42,0.00,0
28.99,28.86,15.64,27.71,0.00,0
29.02,30.67,11.44,29.69,0.00,0
29.05,22.88,13.84,20.68,0.00,0
29.07,30.54,15.64,19.23,0.00,0
29.10,33.79,11.82,32.98,0.00,0
29.14,22.63,16.40,21.75,0.00,0
29.16,29.02,8.09,27.73,0.00,0
29.19,27.03,16.42,26.12,0.00,0
29.22,27.22,11.89,25.98,0.00,0
29.24,24.82,14.10,23.82,0.00,0
29.27,26.96,13.09,25.73,0.00,0
29.29,27.77,16.80,26.37,0.00,0
29.32,20.61,16.45,18.50,0.00,0
29.34,39.83,11.55,24.60,0.00,0
29.38,29.44,14.98,28.09,0.00,0
29.41,25.14,8.88,24.23,0.00,0
29.44,40.49,12.76,21.92,0.00,0
29.48,32.80,15.98,31.97,0.00,0
29.51,36.20,14.21,15.83,0.00,0
29.55,29.19,19.21,27.89,0.00,0
29.58,30.50,8.43,22.35,0.00,0
29.61,29.79,8.02,28.82,0.00,0
29.64,28.60,8.65,24.27,0.00,0
29.66,33.96,6.29,22.59,0.00,0
29.70,26.34,10.41,25.32,0.00,0
29.72,34.55,20.52,20.96,0.00,0
29.76,27.86,11.56,26.88,0.00,0
29.79,31.09,11.87,30.02,0.00,0
29.82,26.35,9.90,25.26,0.00,0
29.84,26.62,10.78,25.28,0.00,0
29.87,30.25,11.15,28.03,0.00,0
29.90,28.35,11.36,27.10,0.00,0
29.93,29.16,11.22,24.99,0.00,0
29.96,34.35,11.21,32.21,0.00,0
29.99,25.73,18.74,25.12,0.00,0
30.02,29.03,12.21,27.82,0.00,0
30.05,30.00,10.74,28.94,0.00,0
30.08,27.05,8.17,25.12,0.00,0
30.11,28.06,12.41,27.36,0.00,0
30.13,29.74,10.31,27.84,0.00,0
30.16,28.30,9.35,27.19,0.00,0
30.19,29.12,17.19,22.53,0.00,0
30.22,35.68,9.77,22.35,0.00,0
30.26,34.00,14.54,31.95,0.00,0
30.29,26.23,10.34,22.36,0.00,0
30.32,29.92,7.72,28.91,0.00,0
30.35,35.27,9.12,22.81,0.00,0
30.38,29.08,13.72,28.05,0.00,0
30.41,29.70,14.38,28.05,0.00,0
30.44,27.90,6.86,23.43,0.00,0
30.47,30.61,8.76,28.15,0.00,0
30.50,27.01,7.26,23.01,0.00,0
30.53,28.45,8.28,27.16,0.00,0
30.55,36.35,9.77,18.95,0.00,0
30.59,31.86,18.33,30.23,0.00,0
30.62,27.88,16.59,26.24,0.00,0
30.65,28.61,12.20,25.05,0.00,0
30.68,29.97,10.14,28.99,0.00,0
30.71,29.98,9.76,29.04,0.00,0
30.74,27.34,11.33,24.54,0.00,0
30.77,29.81,12.30,27.04,0.00,0
30.80,36.26,10.68,23.02,0.00,0
30.83,26.83,8.42,25.22,0.00,0
30.86,26.96,12.15,24.12,0.00,0
30.89,38.58,11.12,21.56,0.00,0
30.92,23.19,23.34,24.22,0.00,0
30.95,25.84,10.51,23.74,0.00,0
30.97,29.23,11.05,24.63,0.00,0
31.00,28.45,9.12,26.45,0.00,0
31.03,38.60,11.65,19.12,0.00,0
31.07,24.91,24.57,25.80,0.00,0
31.09,27.53,8.18,23.40,0.00,0
31.12,27.88,7.48,23.75,0.00,0
31.15,27.05,10.30,26.05,0.00,0
31.18,33.57,10.44,32.73,0.00,0
31.21,29.02,10.02,27.99,0.00,0
31.24,27.95,10.64,23.43,0.00,0
31.27,30.16,7.36,29.08,0.00,0
31.30,27.61,14.35,21.04,0.00,0
31.33,28.34,10.03,26.48,0.00,0
31.35,26.06,7.47,24.30,0.00,0
31.38,29.33,9.34,23.64,0.00,0
31.41,27.01,15.57,24.93,0.00,0
31.44,27.54,10.54,25.40,0.00,0
31.46,36.59,9.92,21.92,0.00,0
31.50,36.45,10.46,34.19,0.00,0
31.54,30.11,22.14,29.76,0.00,0
31.57,25.57,9.85,21.52,0.00,0
31.59,26.18,10.29,24.92,0.00,0
31.62,37.52,10.65,15.46,0.00,0
31.66,31.66,17.40,30.45,0.00,0
31.69,27.34,10.63,26.08,0.00,0
31.72,28.42,9.73,20.51,0.00,0
31.74,27.52,9.92,23.54,0.00,0
31.77,28.11,12.98,23.52,0.00,0
31.80,27.31,8.78,23.31,0.00,0
31.83,34.22,9.54,19.35,0.00,0
31.86,25.98,22.72,25.13,0.00,0
31.89,25.67,15.14,21.45,0.00,0
31.91,27.64,7.51,20.94,0.00,0
31.94,27.64,5.79,24.79,0.00,0
31.97,35.29,15.16,19.73,0.00,0
32.00,24.71,14.73,23.89,0.00,0
32.03,27.60,15.45,26.65,0.00,0
32.06,36.67,11.97,23.42,0.00,0
32.09,28.57,13.78,23.57,0.00,0
32.12,24.51,15.22,21.67,0.00,0
32.15,28.38,6.71,22.01,0.00,0
32.17,35.37,8.91,18.06,0.00,0
32.21,25.24,18.92,22.79,0.00,0
32.23,33.48,10.02,20.60,0.00,0
32.27,24.50,12.50,23.20,0.00,0
32.29,34.99,11.31,16.72,0.00,0
32.33,26.15,18.81,25.35,0.00,0
32.35,36.05,10.33,20.40,0.00,0
32.39,25.07,15.29,23.78,0.00,0
32.41,36.91,10.49,15.61,0.00,0
32.45,26.56,7.12,25.50,0.00,0
32.48,35.44,18.29,14.64,0.00,0
32.51,32.30,12.12,31.45,0.00,0
32.55,31.63,10.34,21.37,0.00,0
32.58,35.95,10.09,22.17,0.00,0
32.61,36.24,8.42,25.31,0.00,0
32.65,36.24,8.42,27.18,0.00,0
32.69,37.44,9.06,26.60,0.00,0
32.72,35.08,12.47,27.71,0.00,0
32.76,36.30,9.02,26.63,0.00,0
32.79,38.63,7.88,19.89,0.00,0
32.83,24.99,11.56,22.90,0.00,0
32.86,38.98,12.34,23.57,0.00,0
32.90,28.61,18.87,27.87,0.00,0
32.93,37.28,8.05,18.33,0.00,0
32.96,26.71,13.59,26.06,0.00,0
32.99,36.24,11.80,21.57,0.00,0
33.03,28.71,11.99,27.84,0.00,0
33.05,34.78,10.27,18.32,0.00,0
33.09,23.62,15.10,22.48,0.00,0
33.11,28.20,16.03,25.58,0.00,0
33.14,36.54,9.84,20.17,0.00,0
33.18,27.83,14.52,27.37,0.00,0
33.21,30.00,8.92,26.03,0.00,0
33.24,27.77,7.87,23.43,0.00,0
33.26,27.40,9.31,25.77,0.00,0
33.29,35.51,10.15,17.44,0.00,0
33.33,30.95,15.71,29.72,0.00,0
33.36,26.24,19.11,24.98,0.00,0
33.38,27.17,8.87,23.73,0.00,0
33.41,34.25,9.60,23.36,0.00,0
33.44,21.35,14.84,20.28,0.00,0
33.47,26.97,11.84,24.27,0.00,0
33.49,33.92,11.50,19.34,0.00,0
33.53,22.18,15.68,21.34,0.00,0
33.55,26.34,9.40,22.37,0.00,0
33.58,33.26,11.15,18.01,0.00,0
33.61,25.00,12.78,23.51,0.00,0
33.63,24.90,9.12,23.36,0.00,0
33.66,33.13,14.45,16.99,0.00,0
33.69,24.88,13.13,23.98,0.00,0
33.72,24.52,15.63,23.58,0.00,0
33.74,32.81,8.54,21.08,0.00,0
33.77,22.83,13.25,22.11,0.00,0
33.80,32.55,12.75,18.97,0.00,0
33.83,26.55,18.22,25.60,0.00,0
33.86,31.29,8.71,18.86,0.00,0
33.89,21.73,9.76,18.32,0.00,0
33.91,34.67,11.39,11.26,0.00,0
33.94,25.86,16.63,24.65,0.00,0
33.97,32.06,9.65,14.14,0.00,0
34.00,22.68,17.24,23.21,0.00,0
34.02,31.63,9.91,12.32,0.00,0
34.06,24.23,14.08,23.18,0.00,0
34.08,31.18,15.78,18.95,0.00,0
34.11,23.59,18.02,22.99,0.00,0
34.13,32.71,10.05,21.23,0.00,0
34.17,22.88,13.88,22.32,0.00,0
34.19,32.32,8.47,16.85,0.00,0
34.22,26.61,15.07,26.11,0.00,0
34.25,31.22,9.09,21.32,0.00,0
34.28,24.19,12.69,23.32,0.00,0
34.30,24.72,18.38,22.50,0.00,0
34.33,28.43,14.42,27.44,0.00,0
34.36,31.52,12.59,24.15,0.00,0
34.39,35.63,11.94,13.82,0.00,0
34.43,36.65,12.12,26.85,0.00,0
34.46,36.10,13.10,21.35,0.00,0
34.50,36.32,9.04,29.53,0.00,0
34.53,38.18,10.87,36.89,0.00,0
34.57,34.75,10.60,24.17,0.00,0
34.61,36.75,12.27,15.47,0.00,0
34.64,29.04,7.48,23.78,0.00,0
34.67,34.42,7.58,13.86,0.00,0
34.71,23.72,13.94,22.12,0.00,0
34.73,26.83,11.41,23.45,0.00,0
34.76,26.76,7.69,25.07,0.00,0
34.78,27.42,7.14,23.31,0.00,0
34.81,32.84,6.10,17.25,0.00,0
34.84,28.16,15.18,27.35,0.00,0
34.87,23.45,12.73,22.41,0.00,0
34.90,32.38,14.88,21.18,0.00,0
34.93,26.65,15.34,25.87,0.00,0
34.96,31.70,7.81,20.01,0.00,0
34.99,22.90,10.79,22.02,0.00,0
35.01,30.63,12.88,17.76,0.00,0
35.04,22.98,20.08,22.27,0.00,0
35.06,23.09,11.24,21.92,0.00,0
35.09,32.81,9.24,13.44,0.00,0
35.12,22.97,11.07,22.16,0.00,0
35.14,29.62,12.83,20.89,0.00,0
35.17,26.58,13.04,25.54,0.00,0
35.20,30.62,11.71,19.44,0.00,0
35.23,24.06,12.72,22.98,0.00,0
35.25,28.87,16.64,20.11,0.00,0
35.28,23.55,10.25,22.77,0.00,0
35.31,28.98,8.53,17.26,0.00,0
35.33,23.40,14.35,22.72,0.00,0
35.36,22.39,11.57,21.40,0.00,0
35.38,31.85,7.78,13.24,0.00,0
35.41,22.22,13.23,21.24,0.00,0
35.43,30.37,19.18,22.02,0.00,0
35.47,23.79,16.74,23.32,0.00,0
35.49,28.72,16.95,18.45,0.00,0
35.52,25.96,10.45,24.98,0.00,0
35.54,30.78,10.45,14.02,0.00,0
35.57,21.39,9.74,20.59,0.00,0
35.60,30.64,11.38,16.89,0.00,0
35.63,22.49,10.05,21.42,0.00,0
35.65,29.49,7.78,15.61,0.00,0
35.68,25.37,14.30,24.32,0.00,0
35.70,23.44,12.10,22.48,0.00,0
35.73,31.10,8.59,19.91,0.00,0
35.76,21.21,10.52,20.61,0.00,0
35.78,34.10,15.31,21.06,0.00,0
35.81,22.01,10.49,20.99,0.00,0
35.84,29.92,11.75,18.84,0.00,0
35.87,24.72,16.69,23.84,0.00,0
35.89,28.35,8.96,19.24,0.00,0
35.92,23.69,12.13,22.46,0.00,0
35.94,31.27,9.58,20.11,0.00,0
35.97,27.01,17.42,25.96,0.00,0
36.00,28.49,12.53,19.25,0.00,0
36.03,24.32,13.31,22.54,0.00,0
36.05,30.49,7.01,19.22,0.00,0
36.08,21.53,7.16,20.79,0.00,0
36.11,30.68,6.57,23.29,0.00,0
36.14,20.44,14.02,18.18,0.00,0
36.16,25.53,17.42,22.15,0.00,0
36.18,34.09,9.86,15.84,0.00,0
36.22,20.94,11.77,19.54,0.00,0
36.24,36.23,7.64,17.45,0.00,0
36.27,22.41,16.69,21.18,0.00,0
36.30,34.55,9.98,15.10,0.00,0
36.33,24.38,12.04,24.04,0.00,0
36.35,32.59,20.41,18.63,0.00,0
36.39,35.16,36.22,33.15,0.00,0
36.42,27.68,16.35,26.32,0.00,0
36.45,32.07,22.97,29.98,0.00,0
36.48,30.03,11.87,26.70,0.00,0
36.51,35.08,13.03,24.06,0.00,0
36.55,32.94,24.27,32.05,0.00,0
36.58,26.31,12.05,25.31,0.00,0
36.61,33.28,14.94,21.42,0.00,0
36.64,25.71,14.84,24.77,0.00,0
36.67,35.47,12.69,12.62,0.00,0
36.70,25.18,11.58,24.51,0.00,0
36.73,26.27,8.11,21.57,0.00,0
36.75,27.83,7.94,25.88,0.00,0
36.78,37.01,16.93,27.68,0.00,0
36.82,34.66,13.53,32.90,0.00,0
36.85,31.88,7.36,24.93,0.00,0
36.88,29.71,8.24,27.10,0.00,0
36.91,38.03,7.53,21.74,0.00,0
36.95,25.10,13.17,25.59,0.00,0
36.98,27.15,15.02,25.90,0.00,0
37.00,38.95,8.68,21.01,0.00,0
37.04,25.82,15.12,26.58,0.00,0
37.07,31.66,9.36,19.13,0.00,0
37.10,27.74,11.90,25.77,0.00,0
37.13,23.07,15.58,22.05,0.00,0
37.15,35.69,5.97,22.33,0.00,0
37.19,24.72,13.50,23.88,0.00,0
37.21,34.04,11.47,21.76,0.00,0
37.25,25.07,10.18,24.36,0.00,0
37.27,27.93,9.08,26.86,0.00,0
37.30,25.65,9.24,21.42,0.00,0
37.32,34.86,7.37,17.45,0.00,0
37.36,29.34,9.46,28.20,0.00,0
37.39,36.22,10.55,23.14,0.00,0
37.42,26.53,15.63,28.33,0.00,0
37.45,25.75,12.43,23.56,0.00,0
37.48,35.76,9.09,20.84,0.00,0
37.51,28.54,11.45,27.89,0.00,0
37.54,28.89,13.68,27.31,0.00,0
37.57,27.96,16.97,27.22,0.00,0
37.60,32.69,11.40,19.26,0.00,0
37.63,28.44,13.50,27.62,0.00,0
37.66,34.03,18.27,21.19,0.00,0
37.69,21.92,11.85,21.84,0.00,0
37.72,28.29,13.84,27.16,0.00,0
37.74,33.40,12.88,21.78,0.00,0
37.78,27.79,20.57,26.95,0.00,0
37.80,27.06,5.85,25.59,0.00,0
37.83,33.54,8.01,14.75,0.00,0
37.87,27.56,12.92,26.23,0.00,0
37.89,24.64,8.19,24.24,0.00,0
37.92,34.77,10.43,14.23,0.00,0
37.95,22.17,10.24,21.63,0.00,0
37.97,26.33,11.09,24.83,0.00,0
38.00,35.74,7.20,14.31,0.00,0
38.04,26.91,8.31,26.12,0.00,0
38.06,32.55,7.39,15.17,0.00,0
38.10,25.07,9.24,24.31,0.00,0
38.12,26.18,19.95,24.75,0.00,0
38.15,26.43,7.00,24.88,0.00,0
38.17,34.81,8.02,17.17,0.00,0
38.21,24.78,7.47,23.62,0.00,0
38.23,35.75,7.12,14.80,0.00,0
38.27,21.17,11.21,17.33,0.00,0
38.29,28.31,13.58,26.98,0.00,0
38.32,35.15,8.99,21.96,0.00,0
38.35,25.05,8.15,23.86,0.00,0
38.38,34.63,6.44,14.47,0.00,0
38.41,27.69,10.13,26.93,0.00,0
38.44,26.10,11.71,25.14,0.00,0
38.47,33.79,8.80,15.81,0.00,0
38.50,24.50,19.56,22.41,0.00,0
38.53,35.07,8.01,16.91,0.00,0
38.56,25.84,7.81,24.93,0.00,0
38.59,24.47,9.20,21.23,0.00,0
38.61,35.19,6.73,18.89,0.00,0
38.65,28.07,10.17,27.32,0.00,0
38.67,30.70,7.33,24.99,0.00,0
38.70,37.08,13.65,30.11,0.00,0
38.74,35.35,6.85,17.73,0.00,0
38.78,26.23,9.46,23.35,0.00,0
38.80,32.41,14.24,16.46,0.00,0
38.84,22.05,9.02,21.32,0.00,0
38.86,35.57,11.30,14.16,0.00,0
38.89,22.01,11.24,20.77,0.00,0
38.92,32.33,7.52,11.28,0.00,0
38.95,21.62,7.28,18.04,0.00,0
38.97,33.91,5.58,13.20,0.00,0
39.00,20.46,5.67,19.90,0.00,0
39.02,33.33,9.36,15.44,0.00,0
39.06,21.53,10.06,20.14,0.00,0
39.08,32.87,6.96,13.97,0.00,0
39.11,20.77,8.49,20.60,0.00,0
39.13,33.28,5.20,14.17,0.00,0
39.17,26.66,27.06,20.52,0.00,0
39.19,27.29,5.61,18.45,0.00,0
39.22,25.22,11.30,24.36,0.00,0
39.24,29.93,7.44,19.01,0.00,0
39.27,25.95,14.48,20.94,0.00,0
39.30,28.44,32.99,30.09,0.00,0
39.33,24.60,12.16,21.27,0.00,0
39.35,30.59,14.55,19.31,0.00,0
39.38,20.52,10.32,18.64,0.00,0
39.40,33.13,6.97,12.69,0.00,0
39.44,22.26,9.05,19.09,0.00,0
39.46,32.63,6.26,11.55,0.00,0
39.49,21.09,10.82,20.67,0.00,0
39.51,31.83,12.46,14.06,0.00,0
39.55,22.50,7.34,19.73,0.00,0
39.57,31.64,10.80,13.10,0.00,0
39.60,20.81,6.69,20.08,0.00,0
39.62,32.99,6.33,14.99,0.00,0
39.65,18.35,9.21,16.19,0.00,0
39.67,35.93,7.45,12.61,0.00,0
39.71,23.73,8.07,21.94,0.00,0
39.73,29.64,9.05,19.09,0.00,0
39.76,22.17,10.25,20.11,0.00,0
39.78,32.12,6.47,15.09,0.00,0
39.82,24.12,5.62,23.79,0.00,0
39.84,30.40,7.22,19.77,0.00,0
39.87,23.73,9.21,23.35,0.00,0
39.89,29.62,15.43,18.67,0.00,0
39.92,24.59,18.89,24.18,0.00,0
39.95,22.11,7.20,20.71,0.00,0
39.97,33.07,8.63,16.02,0.00,0
40.00,25.43,6.99,19.01,0.00,0
40.03,32.44,7.60,21.91,0.00,0
40.06,20.81,8.41,19.89,0.00,0
40.08,33.43,8.83,18.45,0.00,0
40.12,21.65,9.49,20.87,0.00,0
40.14,32.49,12.21,21.71,0.00,0
40.17,25.62,15.81,24.45,0.00,0
40.19,30.64,10.20,14.80,0.00,0
40.23,24.70,8.54,23.11,0.00,0
40.25,22.50,9.27,21.71,0.00,0
40.27,33.27,9.81,17.77,0.00,0
40.31,23.41,7.12,22.61,0.00,0
40.33,30.68,8.09,20.21,0.00,0
40.36,33.26,24.27,29.52,0.00,0
40.39,25.76,16.42,22.30,0.00,0
40.42,25.69,15.78,27.35,0.00,0
40.44,31.14,14.55,30.43,0.00,0
40.48,37.67,8.27,23.44,0.00,0
40.51,32.76,10.75,31.72,0.00,0
40.55,47.78,12.89,46.23,0.00,0
40.59,55.42,10.64,54.07,0.00,0
40.65,47.53,9.48,45.59,0.00,0
40.70,41.63,7.30,41.51,0.00,0
40.74,42.58,8.18,41.72,0.00,0
40.78,39.31,8.49,38.49,0.00,0
40.82,43.04,7.52,42.38,0.00,0
40.86,37.80,7.02,36.64,0.00,0
40.90,40.89,6.32,38.35,0.00,0
40.94,39.21,8.03,38.23,0.00,0
40.98,45.49,5.78,44.65,0.00,0
41.03,39.98,7.23,39.17,0.00,0
41.07,43.37,7.94,41.95,0.00,0
41.11,40.19,6.22,39.91,0.00,0
41.15,37.34,8.13,36.13,0.00,0
41.19,40.95,6.99,40.10,0.00,0
41.23,39.37,6.19,37.24,0.00,0
41.27,39.97,6.60,37.30,0.00,0
41.31,39.71,5.69,36.74,0.00,0
41.35,40.38,8.52,39.33,0.00,0
41.39,39.06,6.70,36.45,0.00,0
41.43,43.22,6.68,42.17,0.00,0
41.47,37.16,6.78,35.83,0.00,0
41.51,39.88,7.52,37.30,0.00,0
41.55,40.09,7.20,38.38,0.00,0
41.59,40.12,6.98,36.33,0.00,0
41.63,40.79,8.38,39.96,0.00,0
41.67,39.41,6.52,37.26,0.00,0
41.71,40.11,8.48,37.28,0.00,0
41.75,40.45,6.68,36.20,0.00,0
41.79,40.04,6.13,34.83,0.00,0
41.83,40.45,8.11,38.11,0.00,0
41.87,40.24,6.77,33.22,0.00,0
41.91,40.61,5.69,35.32,0.00,0
41.95,39.93,7.03,36.21,0.00,0
41.99,40.07,5.94,32.91,0.00,0
42.03,39.62,8.03,34.89,0.00,0
42.07,39.51,7.04,38.44,0.00,0
42.11,38.71,6.84,35.06,0.00,0
42.15,39.32,6.35,34.65,0.00,0
42.19,39.36,8.52,32.87,0.00,0
42.23,39.10,6.99,36.00,0.00,0
42.27,39.24,6.88,32.05,0.00,0
42.30,40.56,6.86,39.76,0.00,0
42.35,37.96,6.82,35.03,0.00,0
42.38,39.55,7.22,33.66,0.00,0
42.42,40.26,6.70,33.67,0.00,0
42.46,38.42,6.65,32.72,0.00,0
42.50,39.06,6.48,32.50,0.00,0
42.54,38.71,7.41,35.83,0.00,0
42.58,39.07,6.20,29.24,0.00,0
42.62,38.73,7.79,31.46,0.00,0
42.66,38.28,7.24,30.08,0.00,0
42.70,38.24,6.64,35.16,0.00,0
42.73,38.02,6.51,36.19,0.00,0
42.77,37.49,8.00,34.52,0.00,0
42.81,38.43,5.68,37.42,0.00,0
42.85,37.23,6.01,36.38,0.00,0
42.88,36.80,7.49,35.42,0.00,0
42.92,36.48,8.04,35.03,0.00,0
42.96,37.26,6.83,34.13,0.00,0
43.00,38.06,7.35,32.28,0.00,0
43.03,37.16,7.78,34.17,0.00,0
43.07,37.15,6.56,35.30,0.00,0
43.11,37.60,7.82,36.07,0.00,0
43.15,37.29,7.48,30.19,0.00,0
43.18,36.82,6.69,28.83,0.00,0
43.22,37.01,6.64,29.78,0.00,0
43.26,37.08,9.63,34.03,0.00,0
43.29,36.80,5.38,31.14,0.00,0
43.33,36.61,8.07,33.48,0.00,0
43.37,37.10,6.24,29.53,0.00,0
43.40,36.25,6.78,35.45,0.00,0
43.44,36.97,6.11,30.24,0.00,0
43.48,36.77,8.16,29.80,0.00,0
43.51,37.05,5.44,30.25,0.00,0
43.55,37.10,6.75,30.48,0.00,0
43.59,40.12,6.81,33.88,0.00,0
43.63,35.74,9.99,35.92,0.00,0
43.66,37.07,5.74,32.14,0.00,0
43.70,37.92,6.37,36.95,0.00,0
43.74,36.04,7.16,31.79,0.00,0
43.78,37.67,5.64,28.43,0.00,0
43.81,37.23,7.09,29.42,0.00,0
43.85,37.32,6.31,27.75,0.00,0
43.89,37.35,6.52,34.78,0.00,0
43.92,37.34,5.98,28.15,0.00,0
43.96,37.00,6.61,28.88,0.00,0
44.00,37.25,6.64,32.33,0.00,0
44.04,36.26,5.96,28.14,0.00,0
44.07,36.06,5.72,33.49,0.00,0
44.11,36.58,26.60,35.42,0.00,0
44.15,34.75,8.34,33.25,0.00,0
44.18,36.10,6.15,28.77,0.00,0
44.22,35.89,8.18,31.83,0.00,0
44.25,35.52,6.39,28.92,0.00,0
44.29,35.50,6.64,29.32,0.00,0
44.32,35.37,5.89,28.54,0.00,0
44.36,35.27,6.77,29.49,0.00,0
44.39,35.51,5.83,29.10,0.00,0
44.43,35.46,6.37,28.20,0.00,0
44.46,35.14,5.97,27.56,0.00,0
44.50,35.57,5.81,32.02,0.00,0
44.54,34.88,6.17,32.99,0.00,0
44.57,35.43,7.24,29.85,0.00,0
44.61,35.27,7.27,30.84,0.00,0
44.64,35.14,7.05,32.58,0.00,0
44.68,35.63,5.51,27.11,0.00,0
44.71,36.33,6.81,29.48,0.00,0
44.75,34.10,7.80,33.14,0.00,0
44.78,35.22,4.81,29.96,0.00,0
44.82,35.05,8.67,29.13,0.00,0
44.85,34.80,8.00,28.73,0.00,0
44.89,35.62,5.68,30.84,0.00,0
44.92,34.70,5.83,32.94,0.00,0
44.96,35.15,6.45,28.74,0.00,0
44.99,34.94,6.38,29.54,0.00,0
45.03,34.99,6.17,28.99,0.00,0
45.06,34.42,5.91,28.36,0.00,0
45.10,34.80,6.36,31.10,0.00,0
45.13,34.53,6.63,26.73,0.00,0
45.17,34.82,5.33,28.26,0.00,0
45.20,34.87,5.64,27.77,0.00,0
45.24,34.70,5.56,27.98,0.00,0
45.27,34.50,5.94,27.16,0.00,0
45.31,33.79,4.98,32.94,0.00,0
45.34,35.72,7.71,32.75,0.00,0
45.37,33.44,10.77,26.37,0.00,0
45.41,33.97,8.39,26.94,0.00,0
45.44,34.36,5.60,29.51,0.00,0
45.48,33.81,7.42,31.88,0.00,0
45.51,34.21,6.18,26.92,0.00,0
45.54,34.60,6.80,28.53,0.00,0
45.58,35.47,8.18,29.93,0.00,0
45.61,32.26,6.95,26.65,0.00,0
45.65,34.47,6.89,30.96,0.00,0
45.68,36.10,5.94,26.79,0.00,0
45.72,35.06,4.68,24.73,0.00,0
45.75,34.10,7.09,28.25,0.00,0
45.79,35.10,8.73,26.68,0.00,0
45.82,35.71,6.12,34.88,0.00,0
45.86,33.72,5.29,32.58,0.00,0
45.89,37.22,6.36,23.17,0.00,0
45.93,24.56,15.07,21.71,0.00,0
45.95,34.32,7.71,22.01,0.00,0
45.99,34.09,9.43,32.69,0.00,0
46.02,38.11,7.99,19.47,0.00,0
46.06,31.27,14.09,31.22,0.00,0
46.09,35.18,11.13,20.12,0.00,0
46.13,26.99,17.98,25.05,0.00,0
46.15,37.27,10.45,22.12,0.00,0
46.19,29.09,8.99,27.71,0.00,0
46.22,35.68,9.67,20.75,0.00,0
46.25,29.62,10.29,26.91,0.00,0
46.28,28.90,11.08,25.88,0.00,0
46.31,35.60,7.48,34.57,0.00,0
46.35,35.48,7.78,29.06,0.00,0
46.38,36.00,8.40,34.94,0.00,0
46.42,35.10,8.80,34.30,0.00,0
46.46,36.42,9.77,32.83,0.00,0
46.49,35.89,6.05,34.74,0.00,0
46.53,35.72,7.27,34.77,0.00,0
46.56,37.47,7.92,27.90,0.00,0
46.60,43.39,11.30,42.76,0.00,0
46.64,39.03,10.02,37.08,0.00,0
46.68,33.81,6.86,30.11,0.00,0
46.72,34.65,6.60,20.85,0.00,0
46.75,37.42,7.40,35.53,0.00,0
46.79,34.65,7.96,29.30,0.00,0
46.82,34.82,6.79,24.60,0.00,0
46.86,32.12,7.95,31.30,0.00,0
46.89,29.60,7.54,24.80,0.00,0
46.92,26.39,5.10,25.19,0.00,0
46.95,29.01,5.15,23.03,0.00,0
46.98,27.22,7.05,24.15,0.00,0
47.00,28.19,7.22,24.60,0.00,0
47.03,28.02,6.42,27.07,0.00,0
47.06,35.16,7.26,17.39,0.00,0
47.09,29.05,11.34,27.19,0.00,0
47.12,28.50,7.87,25.28,0.00,0
47.15,26.56,7.32,22.42,0.00,0
47.18,25.80,7.65,23.90,0.00,0
47.20,28.43,7.27,27.45,0.00,0
47.23,29.78,6.41,23.26,0.00,0
47.26,33.89,6.97,19.00,0.00,0
47.30,24.65,10.34,23.97,0.00,0
47.32,26.77,9.66,25.72,0.00,0
47.35,27.72,9.05,26.74,0.00,0
47.38,28.43,6.19,22.88,0.00,0
47.40,27.28,7.00,22.44,0.00,0
47.43,26.84,7.58,22.71,0.00,0
47.46,26.14,7.33,24.85,0.00,0
47.48,35.48,7.30,18.57,0.00,0
47.52,29.47,11.36,28.46,0.00,0
47.55,27.92,14.24,26.99,0.00,0
47.58,25.78,6.21,24.30,0.00,0
47.60,33.58,6.38,32.63,0.00,0
47.64,25.89,7.77,24.18,0.00,0
47.66,29.00,6.79,28.39,0.00,0
47.69,27.45,6.82,26.46,0.00,0
47.72,30.61,7.74,29.71,0.00,0
47.75,28.94,7.38,27.81,0.00,0
47.78,26.81,6.96,26.09,0.00,0
47.81,32.42,9.63,31.19,0.00,0
47.84,26.14,7.05,23.02,0.00,0
47.86,30.74,7.45,29.70,0.00,0
47.89,27.03,8.23,22.69,0.00,0
47.92,27.11,7.82,24.97,0.00,0
47.95,30.60,9.34,29.02,0.00,0
47.98,23.80,13.83,22.20,0.00,0
48.00,28.04,8.93,22.84,0.00,0
48.03,25.45,6.57,24.94,0.00,0
48.06,28.18,7.13,26.48,0.00,0
48.08,32.48,11.03,31.32,0.00,0
48.12,26.60,6.26,25.65,0.00,0
48.14,31.64,7.29,30.53,0.00,0
48.18,25.43,6.90,24.54,0.00,0
48.20,28.68,8.06,25.40,0.00,0
48.23,27.78,6.69,27.60,0.00,0
48.26,30.54,7.36,29.49,0.00,0
48.29,27.46,7.43,25.42,0.00,0
48.32,26.60,6.92,25.36,0.00,0
48.34,28.27,5.28,26.78,0.00,0
48.37,26.73,6.20,23.37,0.00,0
48.40,32.42,5.82,31.52,0.00,0
48.43,27.19,6.67,26.16,0.00,0
48.46,26.44,6.79,24.55,0.00,0
48.48,27.85,6.50,25.24,0.00,0
48.51,34.14,6.57,21.92,0.00,0
48.54,30.57,8.64,29.49,0.00,0
48.58,34.13,16.05,31.99,0.00,0
48.61,29.71,10.60,29.38,0.00,0
48.64,25.90,6.36,24.82,0.00,0
48.67,27.20,7.06,24.84,0.00,0
48.69,26.26,6.05,24.60,0.00,0
48.72,35.75,6.96,20.94,0.00,0
48.75,28.84,13.31,29.11,0.00,0
48.78,24.91,10.36,24.86,0.00,0
48.81,27.60,8.25,26.84,0.00,0
48.84,34.55,6.71,21.35,0.00,0
48.87,33.23,12.46,32.35,0.00,0
48.90,28.25,11.13,27.15,0.00,0
48.93,25.82,6.99,24.86,0.00,0
48.96,35.93,10.35,23.10,0.00,0
48.99,31.75,11.79,30.85,0.00,0
49.03,29.99,8.53,28.84,0.00,0
49.06,30.15,6.75,27.60,0.00,0
49.09,28.74,11.03,29.08,0.00,0
49.11,26.88,9.29,24.71,0.00,0
49.14,26.85,8.90,25.55,0.00,0
49.17,27.48,9.63,26.22,0.00,0
49.20,27.31,7.15,26.30,0.00,0
49.22,27.51,6.40,24.72,0.00,0
49.25,32.00,5.17,30.78,0.00,0
49.28,27.60,11.77,26.69,0.00,0
49.31,27.93,6.73,26.74,0.00,0
49.34,25.96,7.68,24.62,0.00,0
49.36,33.72,7.30,32.82,0.00,0
49.40,27.16,5.63,22.51,0.00,0
49.42,29.15,7.14,28.04,0.00,0
49.45,24.82,6.50,23.72,0.00,0
49.48,26.81,6.57,23.68,0.00,0
49.51,25.78,6.50,24.80,0.00,0
49.53,27.30,8.17,25.46,0.00,0
49.56,27.62,7.54,25.09,0.00,0
49.59,32.34,6.43,31.19,0.00,0
49.62,31.08,8.91,29.92,0.00,0
49.65,26.26,8.29,22.14,0.00,0
49.68,26.19,6.32,23.72,0.00,0
49.70,34.28,9.28,19.97,0.00,0
49.74,32.00,11.53,31.49,0.00,0
49.77,27.24,7.98,24.38,0.00,0
49.80,28.88,7.10,27.62,0.00,0
49.82,24.88,8.05,24.16,0.00,0
49.85,35.12,9.58,19.02,0.00,0
49.88,27.68,8.81,26.71,0.00,0
49.91,27.70,9.73,26.00,0.00,0
49.94,29.35,5.51,28.49,0.00,0
49.97,26.74,8.15,22.40,0.00,0
50.00,32.88,6.03,31.71,0.00,0
50.03,26.41,7.09,23.20,0.00,0
50.06,26.39,6.79,23.53,0.00,0
50.08,27.79,6.86,26.58,0.00,0
50.11,25.89,5.47,24.69,0.00,0
50.14,31.92,7.12,30.96,0.00,0
50.17,24.96,6.75,23.96,0.00,0
50.19,37.45,8.82,21.47,0.00,0
50.23,25.61,10.28,25.40,0.00,0
50.26,30.27,14.93,29.08,0.00,0
50.29,25.77,5.29,24.73,0.00,0
50.31,29.55,6.52,25.47,0.00,0
50.34,26.69,7.16,25.58,0.00,0
50.37,31.33,6.42,30.12,0.00,0
50.40,25.37,8.75,21.18,0.00,0
50.42,26.31,10.95,25.18,0.00,0
50.45,29.44,7.58,28.46,0.00,0
50.48,29.09,6.60,25.36,0.00,0
50.51,27.46,6.39,21.98,0.00,0
50.54,26.00,6.83,24.74,0.00,0
50.56,29.58,8.43,21.89,0.00,0
50.59,32.39,6.11,31.31,0.00,0
50.62,30.31,8.01,29.16,0.00,0
50.65,28.48,6.38,26.99,0.00,0
50.68,32.05,6.36,30.72,0.00,0
50.72,27.57,6.87,26.56,0.00,0
50.74,33.30,8.58,31.18,0.00,0
50.78,36.07,9.47,34.62,0.00,0
50.81,41.30,10.33,40.39,0.00,0
50.85,37.10,9.03,35.97,0.00,0
50.89,32.32,7.19,29.90,0.00,0
50.92,36.47,7.48,35.21,0.00,0
50.96,35.59,7.34,28.94,0.00,0
50.99,36.33,7.13,24.50,0.00,0
51.03,36.48,7.38,34.96,0.00,0
51.07,36.30,6.96,25.66,0.00,0
51.10,37.05,9.75,33.12,0.00,0
51.14,38.76,6.27,37.94,0.00,0
51.18,34.16,7.73,29.73,0.00,0
51.21,38.60,6.67,36.87,0.00,0
51.25,34.51,8.41,33.82,0.00,0
51.29,34.98,7.90,33.02,0.00,0
51.32,40.93,6.09,38.42,0.00,0
51.36,36.55,8.48,37.56,0.00,0
51.40,36.76,8.91,29.06,0.00,0
51.44,36.51,7.74,36.61,0.00,0
51.47,34.61,7.33,31.90,0.00,0
51.51,36.57,6.01,33.17,0.00,0
51.54,36.94,6.76,29.78,0.00,0
51.58,36.14,9.51,26.64,0.00,0
51.62,36.16,6.96,26.37,0.00,0
51.65,36.78,6.60,35.84,0.00,0
51.69,36.66,8.01,30.30,0.00,0
51.73,36.61,8.67,24.27,0.00,0
51.76,37.23,5.78,36.06,0.00,0
51.80,35.93,7.11,28.26,0.00,0
51.84,36.38,11.07,34.91,0.00,0
51.87,37.29,9.65,22.91,0.00,0
51.91,35.95,8.29,27.96,0.00,0
51.95,36.44,5.99,27.75,0.00,0
51.98,36.17,5.46,27.92,0.00,0
52.02,37.29,5.37,26.43,0.00,0
52.06,34.98,10.21,30.04,0.00,0
52.09,36.99,6.89,30.06,0.00,0
52.13,36.31,7.52,25.42,0.00,0
52.16,36.40,5.99,28.83,0.00,0
52.20,36.66,7.20,27.34,0.00,0
52.24,36.62,5.12,26.49,0.00,0
52.27,36.58,4.98,26.64,0.00,0
52.31,36.33,5.31,24.80,0.00,0
52.35,36.30,6.75,26.53,0.00,0
52.38,36.24,8.29,26.57,0.00,0
52.42,36.21,5.68,25.36,0.00,0
52.46,36.90,4.99,24.43,0.00,0
52.49,36.90,6.97,27.35,0.00,0
52.53,35.51,6.88,26.58,0.00,0
52.56,35.39,6.90,27.05,0.00,0
52.60,37.70,6.28,28.68,0.00,0
52.64,35.88,6.23,26.55,0.00,0
52.67,36.12,4.97,28.77,0.00,0
52.71,36.53,6.46,24.34,0.00,0
52.75,37.04,5.81,25.57,0.00,0
52.78,35.62,5.54,26.92,0.00,0
52.82,36.27,6.11,25.75,0.00,0
52.86,36.87,6.30,26.57,0.00,0
52.89,35.39,7.15,25.56,0.00,0
52.93,36.58,5.80,26.34,0.00,0
52.96,35.98,6.57,25.69,0.00,0
53.00,36.54,4.88,24.34,0.00,0
53.04,36.16,6.99,27.18,0.00,0
53.07,37.49,5.75,27.59,0.00,0
53.11,35.29,7.56,27.89,0.00,0
53.15,37.22,6.49,30.83,0.00,0
53.18,40.37,41.81,36.10,0.00,0
53.22,36.28,24.48,36.39,0.00,0
53.26,33.97,6.57,29.10,0.00,0
53.29,36.27,5.63,26.66,0.00,0
53.33,36.03,6.58,25.90,0.00,0
53.37,36.61,7.08,34.50,0.00,0
53.40,37.69,7.66,36.32,0.00,0
53.44,37.45,5.51,34.91,0.00,0
53.48,37.79,7.41,32.26,0.00,0
53.52,37.63,5.36,28.26,0.00,0
53.55,37.42,7.78,30.54,0.00,0
53.59,37.32,6.15,28.42,0.00,0
53.63,38.16,7.19,31.60,0.00,0
53.67,37.02,5.67,27.71,0.00,0
53.70,37.97,6.26,32.03,0.00,0
53.74,37.92,7.94,37.09,0.00,0
53.78,37.91,6.26,29.40,0.00,0
53.82,37.64,6.28,30.90,0.00,0
53.85,37.41,6.90,28.21,0.00,0
53.89,37.37,6.57,35.43,0.00,0
53.93,37.40,6.07,34.61,0.00,0
53.97,37.15,6.11,28.77,0.00,0
54.00,36.59,7.43,26.79,0.00,0
54.04,36.98,5.75,34.00,0.00,0
54.08,36.70,5.93,27.71,0.00,0
54.11,36.43,6.19,26.76,0.00,0
54.15,36.59,8.29,26.92,0.00,0
54.19,37.12,6.16,31.80,0.00,0
54.22,36.86,4.76,31.46,0.00,0
54.26,36.61,8.66,27.21,0.00,0
54.30,36.36,5.43,33.48,0.00,0
54.33,36.53,5.69,26.53,0.00,0
54.37,36.90,6.22,27.33,0.00,0
54.41,36.61,7.36,29.12,0.00,0
54.44,36.81,8.72,32.07,0.00,0
54.48,36.32,6.37,31.43,0.00,0
54.52,36.71,6.06,26.88,0.00,0
54.55,35.82,5.57,28.74,0.00,0
54.59,36.13,5.49,27.29,0.00,0
54.63,35.93,7.54,25.78,0.00,0
54.66,35.61,6.75,25.23,0.00,0
54.70,35.89,6.50,27.89,0.00,0
54.73,35.88,5.62,27.07,0.00,0
54.77,35.35,6.09,28.49,0.00,0
54.80,36.21,7.30,31.76,0.00,0
54.84,35.96,5.45,26.35,0.00,0
54.88,37.49,6.94,24.98,0.00,0
54.91,33.79,5.06,25.72,0.00,0
54.95,34.93,4.91,25.72,0.00,0
54.98,35.71,6.71,25.72,0.00,0
55.02,35.02,6.38,28.26,0.00,0
55.05,35.83,5.75,26.75,0.00,0
55.09,36.13,7.03,25.98,0.00,0
55.13,35.92,7.81,25.93,0.00,0
55.16,35.97,6.40,27.12,0.00,0
55.20,36.06,8.18,26.05,0.00,0
55.23,36.01,5.89,26.35,0.00,0
55.27,34.19,7.39,26.16,0.00,0
55.30,35.06,6.09,30.27,0.00,0
55.34,34.81,7.43,25.57,0.00,0
55.37,35.52,6.27,24.80,0.00,0
55.41,33.74,7.64,31.07,0.00,0
55.44,34.82,6.46,24.45,0.00,0
55.48,35.98,8.15,24.28,0.00,0
55.51,34.33,6.84,28.65,0.00,0
55.55,36.07,6.98,26.32,0.00,0
55.58,36.09,6.85,27.38,0.00,0
55.62,37.29,8.25,31.29,0.00,0
55.66,35.80,11.14,32.68,0.00,0
55.69,34.87,11.87,24.48,0.00,0
55.73,34.75,5.68,28.06,0.00,0
55.76,34.42,6.55,32.72,0.00,0
55.80,36.05,6.06,29.33,0.00,0
55.83,33.88,7.52,23.33,0.00,0
55.87,43.37,8.38,25.20,0.00,0
55.91,28.76,17.68,28.84,0.00,0
55.94,35.30,12.01,33.64,0.00,0
55.97,34.86,8.85,26.20,0.00,0
56.01,34.66,5.81,24.42,0.00,0
56.04,34.27,6.71,26.61,0.00,0
56.08,33.94,8.22,22.20,0.00,0
56.11,33.79,10.33,23.89,0.00,0
56.15,33.90,8.40,26.51,0.00,0
56.18,33.10,6.70,23.13,0.00,0
56.21,33.23,6.38,23.96,0.00,0
56.25,32.96,6.96,23.15,0.00,0
56.28,33.11,6.75,22.97,0.00,0
56.31,38.98,14.08,27.69,0.00,0
56.35,28.25,21.81,28.92,0.00,0
56.38,34.38,7.53,31.00,0.00,0
56.41,32.93,7.56,24.35,0.00,0
56.45,32.85,8.59,19.71,0.00,0
56.48,33.31,7.16,23.78,0.00,0
56.51,33.24,7.36,18.87,0.00,0
56.55,34.04,6.98,21.38,0.00,0
56.58,34.94,6.72,23.38,0.00,0
56.62,33.07,5.86,19.34,0.00,0
56.65,33.97,6.73,18.12,0.00,0
56.68,36.20,13.96,28.36,0.00,0
56.72,32.37,19.08,24.19,0.00,0
56.75,34.14,10.38,25.24,0.00,0
56.79,33.73,9.03,18.90,0.00,0
56.82,35.18,13.13,15.63,0.00,0
56.85,32.32,9.77,22.41,0.00,0
56.89,33.89,13.95,24.13,0.00,0
56.92,34.14,17.90,32.55,0.00,0
56.95,34.89,19.03,14.60,0.00,0
56.99,33.31,7.76,30.62,0.00,0
57.02,33.93,5.20,15.63,0.00,0
57.06,33.47,6.53,18.89,0.00,0
57.09,33.64,7.00,18.41,0.00,0
57.12,33.76,7.28,24.76,0.00,0
57.16,33.70,6.77,20.84,0.00,0
57.19,33.87,6.98,23.97,0.00,0
57.22,33.25,8.15,20.21,0.00,0
57.26,33.29,8.70,23.03,0.00,0
57.29,33.18,7.66,22.52,0.00,0
57.32,33.68,8.35,24.86,0.00,0
57.36,33.08,9.97,18.62,0.00,0
57.39,33.63,9.71,22.46,0.00,0
57.43,32.94,9.39,25.09,0.00,0
57.46,33.06,8.25,24.36,0.00,0
57.49,34.89,10.45,16.24,0.00,0
57.53,32.37,8.74,23.62,0.00,0
57.56,35.06,8.74,24.68,0.00,0
57.59,33.11,6.98,19.61,0.00,0
57.63,33.02,6.73,29.63,0.00,0
57.66,33.69,6.71,32.33,0.00,0
57.69,34.87,7.22,33.14,0.00,0
57.73,38.54,8.35,37.46,0.00,0
57.77,34.37,7.95,33.39,0.00,0
57.80,36.03,8.34,30.32,0.00,0
57.84,37.94,8.65,21.30,0.00,0
57.87,34.06,11.55,30.75,0.00,0
57.91,35.99,9.11,21.97,0.00,0
57.94,34.11,8.61,27.60,0.00,0
57.98,33.94,11.32,19.18,0.00,0
58.01,33.79,8.31,21.08,0.00,0
58.05,33.70,8.82,15.78,0.00,0
58.08,34.74,9.36,29.43,0.00,0
58.12,35.83,27.38,34.88,0.00,0
58.15,32.97,13.83,19.22,0.00,0
58.18,33.55,9.68,14.98,0.00,0
58.22,33.70,6.24,28.06,0.00,0
58.25,33.48,6.24,16.43,0.00,0
58.28,33.86,7.63,24.98,0.00,0
58.32,35.56,8.84,27.48,0.00,0
58.35,32.66,18.17,32.24,0.00,0
58.39,34.41,10.09,31.97,0.00,0
58.42,34.58,8.83,16.24,0.00,0
58.46,33.14,6.53,25.37,0.00,0
58.49,33.81,7.98,17.68,0.00,0
58.52,34.81,6.98,32.32,0.00,0
58.56,33.28,5.58,23.98,0.00,0
58.59,33.74,7.45,28.43,0.00,0
58.62,35.46,8.75,22.50,0.00,0
58.66,37.54,6.78,37.52,0.00,0
58.70,29.43,11.42,24.42,0.00,0
58.73,33.62,9.96,16.33,0.00,0
58.76,33.40,8.93,27.00,0.00,0
58.79,33.75,10.04,26.72,0.00,0
58.83,34.48,6.66,28.94,0.00,0
58.86,32.48,8.02,23.77,0.00,0
58.89,33.69,10.06,27.95,0.00,0
58.93,36.22,9.31,34.17,0.00,0
58.96,31.32,13.62,25.96,0.00,0
59.00,33.10,12.34,16.21,0.00,0
59.03,35.39,10.01,34.10,0.00,0
59.06,34.06,32.55,29.89,0.00,0
59.10,30.94,7.02,22.97,0.00,0
59.13,33.61,7.16,19.37,0.00,0
59.16,32.92,6.00,29.05,0.00,0
59.20,32.97,6.38,15.57,0.00,0
59.23,33.57,7.13,24.92,0.00,0
59.26,37.73,6.03,19.42,0.00,0
59.30,28.56,15.20,31.53,0.00,0
59.33,33.59,12.37,28.89,0.00,0
59.36,33.56,6.05,17.67,0.00,0
59.40,32.57,7.07,23.99,0.00,0
59.43,33.36,7.04,14.94,0.00,0
59.46,31.88,11.21,20.53,0.00,0
59.49,32.87,6.64,24.35,0.00,0
59.53,32.92,8.07,26.03,0.00,0
59.56,33.57,9.63,22.37,0.00,0
59.59,31.48,7.06,21.94,0.00,0
59.62,32.77,7.97,19.56,0.00,0
59.66,32.62,6.44,22.54,0.00,0
59.69,32.76,9.35,19.64,0.00,0
59.72,32.73,8.21,26.51,0.00,0
59.76,32.76,5.78,21.68,0.00,0
59.79,32.46,6.22,25.29,0.00,0
59.82,32.49,7.27,22.23,0.00,0
59.85,32.48,5.67,19.69,0.00,0
59.89,32.69,7.31,17.55,0.00,0
59.92,31.86,7.05,17.67,0.00,0
59.95,32.32,7.20,21.38,0.00,0
59.98,32.29,6.33,21.88,0.00,0
60.01,32.39,6.64,25.25,0.00,0
60.05,32.37,9.20,22.23,0.00,0
60.08,32.11,8.92,11.61,0.00,0
60.11,34.56,7.54,16.70,0.00,0
60.15,30.07,8.17,26.10,0.00,0
60.18,32.05,10.26,24.76,0.00,0
60.21,31.84,10.47,16.96,0.00,0
60.24,32.04,11.42,27.49,0.00,0
60.27,31.86,14.60,18.36,0.00,0
60.30,32.33,11.27,23.98,0.00,0
60.34,31.89,11.95,21.25,0.00,0
60.37,32.03,12.52,24.56,0.00,0
60.40,31.64,10.72,29.29,0.00,0
60.43,34.18,14.17,18.89,0.00,0
60.47,32.28,6.07,26.00,0.00,0
60.50,32.14,11.90,25.12,0.00,0
60.53,32.54,13.08,27.92,0.00,0
60.56,31.84,9.05,19.56,0.00,0
60.60,32.14,6.79,24.57,0.00,0
60.63,32.21,6.11,26.71,0.00,0
60.66,32.15,7.48,16.40,0.00,0
60.69,32.08,14.55,24.25,0.00,0
60.72,31.59,7.75,17.11,0.00,0
60.76,33.50,6.50,25.42,0.00,0
60.79,31.40,19.49,26.71,0.00,0
60.82,32.14,8.01,22.23,0.00,0
60.85,31.97,5.88,24.84,0.00,0
60.88,32.27,10.73,22.19,0.00,0
60.92,32.15,11.31,23.25,0.00,0
60.95,32.11,7.74,22.94,0.00,0
60.98,32.11,7.91,24.50,0.00,0
61.01,32.23,6.19,28.70,0.00,0
61.05,33.43,6.71,25.03,0.00,0
61.08,31.71,9.75,23.60,0.00,0
61.11,32.05,8.73,18.54,0.00,0
61.14,31.68,8.18,29.20,0.00,0
61.17,32.17,9.75,20.43,0.00,0
61.21,32.59,9.40,16.58,0.00,0
61.24,31.31,11.01,28.72,0.00,0
61.27,32.24,10.81,30.34,0.00,0
61.30,32.39,11.09,27.61,0.00,0
61.33,32.47,10.11,27.95,0.00,0
61.37,32.57,14.87,30.71,0.00,0
61.40,32.65,8.14,25.33,0.00,0
61.43,32.45,11.65,24.64,0.00,0
61.46,32.85,7.38,29.42,0.00,0
61.50,32.33,11.09,29.28,0.00,0
61.53,32.82,8.54,30.56,0.00,0
61.56,33.32,10.73,28.68,0.00,0
61.60,35.38,8.30,28.09,0.00,0
61.63,33.52,10.97,29.77,0.00,0
61.67,35.25,12.86,34.33,0.00,0
61.70,33.06,12.40,31.80,0.00,0
61.73,35.79,7.74,34.72,0.00,0
61.77,34.43,8.05,33.34,0.00,0
61.80,30.77,5.94,29.50,0.00,0
61.83,33.78,6.06,29.53,0.00,0
61.87,33.97,5.41,32.57,0.00,0
61.90,34.67,6.86,33.31,0.00,0
61.94,33.03,6.54,31.71,0.00,0
61.97,33.73,6.98,25.81,0.00,0
62.00,33.48,5.39,32.19,0.00,0
62.04,33.61,5.63,27.71,0.00,0
62.07,33.54,10.83,27.11,0.00,0
62.10,34.26,7.13,30.37,0.00,0
62.14,36.58,6.61,35.64,0.00,0
62.18,33.84,6.51,32.86,0.00,0
62.21,36.05,8.79,35.22,0.00,0
62.24,61.36,61.75,32.28,0.00,0
62.31,28.24,6.49,28.33,0.00,0
62.33,33.63,10.29,24.76,0.00,0
62.37,32.14,11.42,32.13,0.00,0
62.40,39.50,8.64,23.57,0.00,0
62.44,27.95,14.11,32.61,0.00,0
62.47,35.21,10.96,30.65,0.00,0
62.50,33.06,6.39,23.86,0.00,0
62.54,33.99,6.13,26.01,0.00,0
62.57,34.13,5.98,24.41,0.00,0
62.60,34.13,5.18,24.19,0.00,0
62.64,34.51,7.32,27.42,0.00,0
62.67,33.90,6.62,24.00,0.00,0
62.71,34.25,5.21,21.49,0.00,0
62.74,33.79,23.42,31.81,0.00,0
62.77,34.73,26.51,30.31,0.00,0
62.81,34.12,7.03,22.57,0.00,0
62.84,34.90,6.87,27.83,0.00,0
62.88,32.93,6.97,21.08,0.00,0
62.91,35.25,6.98,34.46,0.00,0
62.95,34.67,8.00,33.06,0.00,0
62.98,39.27,7.98,32.43,0.00,0
63.02,36.27,5.44,35.18,0.00,0
63.06,36.48,8.05,29.93,0.00,0
63.09,36.37,6.22,31.46,0.00,0
63.13,36.95,6.71,30.49,0.00,0
63.17,36.07,7.83,31.97,0.00,0
63.20,36.05,6.62,27.64,0.00,0
63.24,36.66,7.23,29.49,0.00,0
63.28,36.42,6.03,32.44,0.00,0
63.31,37.02,5.17,33.69,0.00,0
63.35,35.23,5.28,26.11,0.00,0
63.38,35.71,7.52,24.71,0.00,0
63.42,35.83,6.25,25.99,0.00,0
63.46,35.98,6.76,26.38,0.00,0
63.49,35.01,8.10,34.03,0.00,0
63.53,40.60,10.94,39.64,0.00,0
63.57,31.83,6.88,25.88,0.00,0
63.60,34.11,9.88,20.62,0.00,0
63.63,35.18,6.82,28.30,0.00,0
63.67,36.18,8.90,34.76,0.00,0
63.70,34.99,6.74,34.57,0.00,0
63.74,32.73,7.34,27.54,0.00,0
63.77,33.82,8.19,26.86,0.00,0
63.81,33.97,10.52,26.14,0.00,0
63.84,33.90,10.42,28.53,0.00,0
63.87,33.87,8.92,28.44,0.00,0
63.91,35.09,8.89,23.75,0.00,0
63.94,32.54,7.66,32.73,0.00,0
63.98,32.72,5.95,26.54,0.00,0
64.01,33.52,6.63,25.04,0.00,0
64.04,29.95,12.05,26.22,0.00,0
64.07,36.47,8.25,22.23,0.00,0
64.11,27.44,15.03,25.85,0.00,0
64.14,36.08,12.09,21.85,0.00,0
64.17,24.85,9.86,22.48,0.00,0
64.20,38.07,10.12,37.29,0.00,0
64.23,34.36,9.62,33.31,0.00,0
64.27,38.26,8.01,37.42,0.00,0
64.31,36.58,6.21,34.92,0.00,0
64.34,36.51,7.81,30.06,0.00,0
64.38,37.34,6.47,36.03,0.00,0
64.42,35.67,8.09,31.24,0.00,0
64.45,36.63,5.40,35.72,0.00,0
64.49,38.89,6.43,37.57,0.00,0
64.53,38.01,9.19,37.26,0.00,0
64.57,35.79,8.09,29.32,0.00,0
64.60,35.90,7.86,31.51,0.00,0
64.64,35.45,8.22,26.09,0.00,0
64.67,41.96,8.77,39.63,0.00,0
64.72,32.27,8.05,32.22,0.00,0
64.75,35.04,11.80,33.54,0.00,0
64.78,35.47,6.45,34.53,0.00,0
64.82,34.97,6.33,30.20,0.00,0
64.85,35.00,6.75,25.01,0.00,0
64.89,35.53,8.76,21.28,0.00,0
64.92,33.90,8.67,26.26,0.00,0
64.96,34.50,7.62,24.92,0.00,0
64.99,36.07,6.66,25.82,0.00,0
65.03,33.20,9.13,29.75,0.00,0
65.06,33.14,12.47,28.79,0.00,0
65.10,32.80,10.21,29.19,0.00,0
65.13,32.93,8.78,23.78,0.00,0
65.16,36.58,13.32,35.52,0.00,0
65.20,30.17,14.00,26.68,0.00,0
65.23,33.09,9.49,29.08,0.00,0
65.26,32.83,8.60,22.24,0.00,0
65.29,32.21,12.46,31.31,0.00,0
65.33,42.23,15.32,24.32,0.00,0
65.37,29.64,13.95,29.33,0.00,0
65.40,32.61,12.20,20.88,0.00,0
65.43,32.95,11.29,27.73,0.00,0
65.46,34.52,9.03,32.24,0.00,0
65.50,32.05,9.72,24.58,0.00,0
65.53,33.91,16.40,27.98,0.00,0
65.56,35.07,9.31,21.78,0.00,0
65.60,35.09,13.33,36.34,0.00,0
65.63,33.08,8.54,27.87,0.00,0
65.67,37.24,7.29,36.20,0.00,0
65.70,33.40,9.26,21.18,0.00,0
65.74,32.30,5.90,31.37,0.00,0
65.77,39.66,12.07,20.59,0.00,0
65.81,32.21,11.44,31.23,0.00,0
65.84,29.56,9.19,28.68,0.00,0
65.87,33.94,8.14,25.54,0.00,0
65.91,33.36,14.58,25.42,0.00,0
65.94,38.13,11.62,22.40,0.00,0
65.98,28.99,10.60,28.01,0.00,0
66.01,25.73,9.44,23.55,0.00,0
66.03,25.70,6.33,23.63,0.00,0
66.06,30.33,5.41,28.17,0.00,0
66.09,32.26,6.40,32.26,0.00,0
66.12,24.82,5.25,23.73,0.00,0
66.14,26.22,6.68,25.16,0.00,0
66.17,26.30,9.42,25.24,0.00,0
66.20,27.68,6.52,22.84,0.00,0
66.22,28.34,7.19,26.66,0.00,0
66.25,26.18,7.83,25.35,0.00,0
66.28,27.03,8.02,25.66,0.00,0
66.31,28.28,7.29,27.14,0.00,0
66.33,29.64,7.19,28.56,0.00,0
66.36,29.48,9.87,28.31,0.00,0
66.39,28.48,13.66,26.73,0.00,0
66.42,38.53,10.78,37.57,0.00,0
66.46,31.42,9.28,30.03,0.00,0
66.49,34.23,11.15,33.26,0.00,0
66.53,38.10,13.85,35.73,0.00,0
66.56,28.95,9.84,29.03,0.00,0
66.59,31.95,9.91,29.06,0.00,0
66.63,33.24,7.90,31.71,0.00,0
66.66,32.50,7.48,27.78,0.00,0
66.69,32.85,8.59,29.26,0.00,0
66.72,34.13,14.31,31.90,0.00,0
66.76,34.05,10.01,31.52,0.00,0
66.79,33.63,8.38,23.53,0.00,0
66.83,31.42,8.01,31.46,0.00,0
66.86,32.39,8.42,26.47,0.00,0
66.89,33.81,6.00,29.39,0.00,0
66.92,32.72,7.31,32.55,0.00,0
66.96,35.02,6.97,34.05,0.00,0
66.99,32.92,7.09,31.55,0.00,0
67.02,31.35,9.31,27.31,0.00,0
67.06,33.37,9.27,21.57,0.00,0
67.09,32.71,7.37,25.04,0.00,0
67.12,33.07,14.95,30.86,0.00,0
67.15,32.29,12.04,21.75,0.00,0
67.19,31.57,8.59,30.60,0.00,0
67.22,31.85,11.14,19.79,0.00,0
67.25,32.99,9.53,29.39,0.00,0
67.28,30.91,9.71,24.84,0.00,0
67.31,32.70,10.43,24.96,0.00,0
67.35,28.98,13.96,26.93,0.00,0
67.38,31.06,13.29,27.08,0.00,0
67.41,31.23,11.29,25.39,0.00,0
67.44,31.19,11.94,22.07,0.00,0
67.47,31.63,14.14,29.50,0.00,0
67.50,32.21,14.84,30.90,0.00,0
67.53,29.68,10.03,27.53,0.00,0
67.56,30.68,10.81,28.39,0.00,0
67.59,35.94,8.98,22.96,0.00,0
67.63,20.75,13.62,19.70,0.00,0
67.65,33.78,10.71,30.90,0.00,0
67.68,38.45,14.89,20.42,0.00,0
67.72,33.40,6.98,18.30,0.00,0
67.76,34.22,10.25,24.67,0.00,0
67.79,32.27,7.64,15.61,0.00,0
67.82,32.95,8.81,13.58,0.00,0
67.86,33.42,9.47,18.39,0.00,0
67.89,32.56,7.18,23.56,0.00,0
67.92,32.59,6.89,22.15,0.00,0
67.95,32.46,8.63,14.60,0.00,0
67.99,32.52,8.62,26.67,0.00,0
68.02,32.71,8.91,22.75,0.00,0
68.05,33.31,9.38,24.49,0.00,0
68.08,31.16,8.12,26.11,0.00,0
68.12,31.99,11.20,26.41,0.00,0
68.15,38.07,12.44,20.75,0.00,0
68.19,25.13,14.14,24.01,0.00,0
68.21,38.92,14.34,22.45,0.00,0
68.25,28.10,14.65,27.37,0.00,0
68.28,28.55,14.99,26.79,0.00,0
68.31,41.66,9.57,24.32,0.00,0
68.35,25.51,17.69,26.28,0.00,0
68.37,43.22,14.63,18.17,0.00,0
68.42,31.07,10.63,29.61,0.00,0
68.45,29.98,15.09,26.73,0.00,0
68.48,36.26,21.62,21.20,0.00,0
68.51,29.51,15.55,26.62,0.00,0
68.54,31.97,11.09,30.77,0.00,0
68.58,38.13,11.51,19.27,0.00,0
68.61,20.85,11.16,20.39,0.00,0
68.63,38.78,9.31,18.71,0.00,0
68.67,33.97,16.86,32.28,0.00,0
68.71,32.23,7.80,28.69,0.00,0
68.74,36.86,11.46,20.73,0.00,0
68.78,32.94,14.39,32.54,0.00,0
68.81,20.97,9.84,18.93,0.00,0
68.83,39.12,10.39,21.13,0.00,0
68.87,27.69,18.15,27.28,0.00,0
68.90,38.49,11.10,22.76,0.00,0
68.94,28.45,18.42,26.18,0.00,0
68.96,41.60,14.29,19.94,0.00,0
69.01,28.93,9.87,26.01,0.00,0
69.03,35.63,9.75,13.28,0.00,0
69.07,26.41,8.58,24.62,0.00,0
69.10,37.18,8.15,24.76,0.00,0
69.13,23.19,17.41,21.69,0.00,0
69.16,31.25,9.76,16.69,0.00,0
69.19,23.20,11.06,22.34,0.00,0
69.21,27.88,13.26,17.22,0.00,0
69.24,24.06,11.42,23.39,0.00,0
69.26,24.07,12.39,22.46,0.00,0
69.29,30.99,16.19,29.98,0.00,0
69.32,28.39,16.58,17.92,0.00,0
69.35,22.26,13.47,21.50,0.00,0
69.37,29.18,10.51,22.23,0.00,0
69.40,24.36,10.63,22.76,0.00,0
69.42,29.73,7.40,20.44,0.00,0
69.45,24.67,13.83,24.27,0.00,0
69.48,23.17,11.37,22.16,0.00,0
69.50,28.37,10.31,16.71,0.00,0
69.53,21.05,15.90,20.35,0.00,0
69.55,30.11,11.78,19.42,0.00,0
69.58,29.15,15.43,24.98,0.00,0
69.61,16.58,24.14,18.82,0.00,0
69.63,30.97,7.76,18.95,0.00,0
69.66,18.75,10.29,16.35,0.00,0
69.68,26.56,14.33,24.57,0.00,0
69.70,31.92,14.23,20.78,0.00,0
69.73,31.69,8.54,22.09,0.00,0
69.77,32.18,13.14,24.42,0.00,0
69.80,31.84,8.28,25.32,0.00,0
69.83,32.52,9.47,21.18,0.00,0
69.86,31.17,6.64,27.80,0.00,0
69.89,32.73,6.39,27.26,0.00,0
69.93,32.43,6.98,27.85,0.00,0
69.96,32.34,7.55,29.55,0.00,0
69.99,32.83,6.52,18.57,0.00,0
70.02,31.67,7.27,27.76,0.00,0
70.06,33.31,7.00,29.46,0.00,0
70.09,31.87,5.80,30.51,0.00,0
70.12,32.52,8.00,19.70,0.00,0
70.15,32.14,11.00,21.08,0.00,0
70.19,32.31,7.72,21.86,0.00,0
70.22,32.37,10.07,21.37,0.00,0
70.25,32.27,7.93,25.33,0.00,0
70.28,33.33,6.76,26.23,0.00,0
70.32,30.70,6.68,16.99,0.00,0
70.35,33.04,11.30,29.66,0.00,0
70.38,31.59,6.81,23.03,0.00,0
70.41,36.97,9.10,36.00,0.00,0
70.45,36.50,12.38,35.59,0.00,0
70.48,49.62,11.90,48.44,0.00,0
70.53,35.68,7.83,34.48,0.00,0
70.57,38.96,5.82,33.46,0.00,0
70.61,39.41,6.91,38.31,0.00,0
70.65,39.31,7.73,35.69,0.00,0
70.69,37.67,7.01,31.09,0.00,0
70.72,39.59,8.23,38.61,0.00,0
70.76,38.51,10.00,30.76,0.00,0
70.80,39.63,7.33,32.32,0.00,0
70.84,39.19,7.21,30.39,0.00,0
70.88,39.47,8.33,31.27,0.00,0
70.92,39.43,6.60,34.64,0.00,0
70.96,39.35,7.85,31.08,0.00,0
71.00,38.98,7.25,29.52,0.00,0
71.04,42.55,12.20,41.61,0.00,0
71.08,38.39,8.63,37.48,0.00,0
71.12,37.37,6.43,34.40,0.00,0
71.16,38.87,6.33,22.84,0.00,0
71.20,37.49,6.00,24.31,0.00,0
71.23,35.57,7.77,25.65,0.00,0
71.27,39.22,6.75,30.38,0.00,0
71.31,34.79,11.71,33.39,0.00,0
71.34,36.33,6.05,28.56,0.00,0
71.38,36.26,6.74,24.40,0.00,0
71.42,35.81,6.48,24.03,0.00,0
71.45,35.32,6.68,34.29,0.00,0
71.49,38.78,6.97,31.38,0.00,0
71.53,41.12,8.03,34.61,0.00,0
71.57,37.79,7.85,31.41,0.00,0
71.60,36.40,5.35,27.72,0.00,0
71.64,37.68,7.10,35.17,0.00,0
71.68,38.18,8.05,32.54,0.00,0
71.72,37.92,7.39,29.75,0.00,0
71.75,38.06,5.68,29.43,0.00,0
71.79,37.59,6.50,35.76,0.00,0
71.83,38.63,6.08,37.82,0.00,0
71.87,37.73,6.09,30.43,0.00,0
71.91,38.15,6.50,33.23,0.00,0
71.94,38.22,8.28,29.62,0.00,0
71.98,38.23,6.17,33.70,0.00,0
72.02,38.05,7.11,30.03,0.00,0
72.06,38.14,7.48,30.66,0.00,0
72.10,38.16,5.33,30.16,0.00,0
72.14,38.25,6.43,29.24,0.00,0
72.17,38.74,6.82,31.68,0.00,0
72.21,38.31,6.82,30.63,0.00,0
72.25,38.67,6.68,29.63,0.00,0
72.29,38.48,6.90,29.22,0.00,0
72.33,38.79,6.26,34.74,0.00,0
72.37,38.89,6.75,29.64,0.00,0
72.41,38.93,6.35,34.22,0.00,0
72.44,38.71,7.61,35.38,0.00,0
72.48,39.22,7.19,33.83,0.00,0
72.52,39.09,6.98,34.75,0.00,0
72.56,38.62,6.80,37.56,0.00,0
72.60,41.07,9.36,39.18,0.00,0
72.64,37.41,6.88,30.88,0.00,0
72.68,39.29,6.65,31.36,0.00,0
72.72,39.59,6.11,29.82,0.00,0
72.76,39.30,6.97,32.63,0.00,0
72.80,39.46,7.89,32.50,0.00,0
72.84,39.44,6.43,32.22,0.00,0
72.88,39.73,6.63,31.51,0.00,0
72.92,39.13,8.16,30.98,0.00,0
72.95,40.25,6.88,30.29,0.00,0
73.00,39.12,6.21,30.20,0.00,0
73.03,39.70,7.16,32.02,0.00,0
73.07,39.55,8.92,30.78,0.00,0
73.11,39.90,6.13,31.76,0.00,0
73.15,39.45,5.98,32.27,0.00,0
73.19,39.43,5.39,32.72,0.00,0
73.23,39.40,5.67,35.87,0.00,0
73.27,39.66,7.83,36.37,0.00,0
73.31,39.56,6.24,31.94,0.00,0
73.35,38.97,8.10,30.06,0.00,0
73.39,39.91,6.30,33.64,0.00,0
73.43,39.99,8.44,32.39,0.00,0
73.47,39.22,7.95,25.51,0.00,0
73.51,36.61,6.47,31.59,0.00,0
73.55,38.36,6.89,27.35,0.00,0
73.58,38.84,7.05,32.71,0.00,0
73.62,34.18,4.73,29.68,0.00,0
73.66,36.86,5.88,29.96,0.00,0
73.69,36.29,5.25,27.13,0.00,0
73.73,37.00,7.58,32.48,0.00,0
73.77,36.51,5.87,26.30,0.00,0
73.80,35.93,5.10,28.95,0.00,0
73.84,35.44,5.66,24.24,0.00,0
73.87,35.68,8.22,33.52,0.00,0
73.91,37.39,7.74,35.36,0.00,0
73.95,37.89,6.15,34.79,0.00,0
73.99,37.90,6.24,35.69,0.00,0
74.02,37.06,7.53,35.56,0.00,0
74.06,37.86,6.51,35.17,0.00,0
74.10,37.86,7.01,34.75,0.00,0
74.14,38.56,14.19,37.03,0.00,0
74.18,38.00,9.64,34.00,0.00,0
74.21,37.17,6.96,30.64,0.00,0
74.25,37.52,5.75,33.79,0.00,0
74.29,37.28,6.41,31.07,0.00,0
74.33,37.60,5.44,32.81,0.00,0
74.36,37.21,6.31,31.27,0.00,0
74.40,37.72,7.49,35.59,0.00,0
74.44,38.49,7.49,37.43,0.00,0
74.48,36.58,5.85,29.88,0.00,0
74.51,37.31,6.76,30.30,0.00,0
74.55,37.41,7.61,33.98,0.00,0
74.59,37.28,6.68,33.47,0.00,0
74.62,36.60,7.24,27.93,0.00,0
74.66,36.61,5.91,27.61,0.00,0
74.70,36.22,6.86,27.28,0.00,0
74.73,35.77,7.06,26.15,0.00,0
74.77,35.98,6.59,29.60,0.00,0
74.81,36.72,5.61,28.68,0.00,0
74.84,35.19,7.07,27.42,0.00,0
74.88,35.29,5.50,30.41,0.00,0
74.91,35.70,6.29,29.87,0.00,0
74.95,35.55,5.76,29.68,0.00,0
74.98,35.57,12.19,26.91,0.00,0
75.02,35.11,6.65,25.03,0.00,0
75.06,35.39,5.90,29.43,0.00,0
75.09,36.52,6.51,29.05,0.00,0
75.13,35.37,6.25,25.45,0.00,0
75.16,35.70,5.72,27.88,0.00,0
75.20,35.64,7.44,26.10,0.00,0
75.23,36.73,5.06,29.10,0.00,0
75.27,35.14,7.12,29.99,0.00,0
75.31,35.79,6.21,25.82,0.00,0
75.34,37.01,6.28,30.87,0.00,0
75.38,35.21,6.23,26.37,0.00,0
75.41,37.36,6.30,25.16,0.00,0
75.45,36.00,7.65,29.34,0.00,0
75.49,37.20,7.00,29.17,0.00,0
75.52,36.43,6.01,26.76,0.00,0
75.56,36.47,6.95,34.89,0.00,0
75.60,36.17,6.50,25.32,0.00,0
75.63,36.06,6.10,22.72,0.00,0
75.67,36.99,6.07,27.47,0.00,0
75.71,35.56,5.34,25.88,0.00,0
75.74,36.13,6.38,33.46,0.00,0
75.78,37.08,7.80,29.84,0.00,0
75.82,38.21,6.22,24.05,0.00,0
75.85,33.34,5.19,32.15,0.00,0
75.89,37.24,6.27,27.27,0.00,0
75.92,35.10,5.84,29.08,0.00,0
75.96,35.02,5.74,25.40,0.00,0
75.99,35.64,5.15,25.89,0.00,0
76.03,35.61,7.01,25.41,0.00,0
76.07,34.59,5.75,22.46,0.00,0
76.10,42.27,5.30,19.78,0.00,0
76.14,30.13,8.01,29.46,0.00,0
76.17,35.75,6.55,22.54,0.00,0
76.21,34.37,5.70,24.67,0.00,0
76.24,42.56,5.16,21.59,0.00,0
76.28,30.76,11.04,30.01,0.00,0
76.32,34.60,9.60,23.65,0.00,0
76.35,43.04,6.75,21.18,0.00,0
76.39,33.85,11.37,31.31,0.00,0
76.43,27.98,8.43,25.82,0.00,0
76.46,46.93,9.45,22.56,0.00,0
76.50,31.21,9.41,30.59,0.00,0
76.53,33.57,7.79,21.00,0.00,0
76.57,33.74,4.93,25.26,0.00,0
76.60,34.38,5.81,22.93,0.00,0
76.63,33.82,5.46,23.21,0.00,0
76.67,38.46,4.45,15.28,0.00,0
76.71,30.59,10.75,29.73,0.00,0
76.74,39.80,12.38,22.20,0.00,0
76.78,24.85,18.76,27.46,0.00,0
76.80,30.34,6.14,18.29,0.00,0
76.83,22.79,13.54,21.69,0.00,0
76.86,31.13,9.64,21.54,0.00,0
76.89,19.97,12.16,19.53,0.00,0
76.91,30.09,10.95,14.83,0.00,0
76.94,22.13,13.12,20.62,0.00,0
76.96,32.37,7.06,10.98,0.00,0
76.99,19.51,7.81,17.56,0.00,0
77.01,34.79,6.02,12.95,0.00,0
77.05,23.14,15.62,23.52,0.00,0
77.07,32.39,10.01,12.39,0.00,0
77.10,22.54,17.46,21.61,0.00,0
77.12,31.56,9.37,12.48,0.00,0
77.16,24.85,8.57,24.10,0.00,0
77.18,27.77,9.54,20.28,0.00,0
77.21,19.05,11.77,16.81,0.00,0
77.23,31.78,13.70,12.56,0.00,0
77.26,23.44,13.65,22.66,0.00,0
77.28,27.27,15.34,13.29,0.00,0
77.31,23.87,18.04,22.18,0.00,0
77.33,27.77,6.91,19.15,0.00,0
77.36,23.15,9.11,20.47,0.00,0
77.38,31.09,8.35,13.61,0.00,0
77.42,21.41,11.09,21.95,0.00,0
77.44,28.35,7.41,17.76,0.00,0
77.46,22.02,10.00,20.98,0.00,0
77.49,28.82,11.90,19.18,0.00,0
77.52,24.84,15.26,24.06,0.00,0
77.54,26.87,7.90,19.96,0.00,0
77.57,21.40,16.90,20.13,0.00,0
77.59,29.38,11.15,18.01,0.00,0
77.62,22.11,15.82,20.78,0.00,0
77.64,28.34,9.05,20.52,0.00,0
77.67,19.46,9.94,17.27,0.00,0
77.69,30.97,11.28,17.65,0.00,0
77.72,22.72,11.59,21.36,0.00,0
77.74,27.75,7.51,14.99,0.00,0
77.77,25.64,17.36,24.85,0.00,0
77.80,22.84,9.73,21.86,0.00,0
77.82,27.58,6.71,18.47,0.00,0
77.85,22.49,13.42,21.33,0.00,0
77.87,28.13,8.36,17.15,0.00,0
77.90,20.49,14.80,19.93,0.00,0
77.92,29.63,14.65,19.32,0.00,0
77.95,23.85,9.53,23.16,0.00,0
77.97,27.08,15.73,18.31,0.00,0
78.00,23.19,13.57,21.96,0.00,0
78.02,22.37,11.47,19.49,0.00,0
78.04,31.06,8.04,15.50,0.00,0
78.07,33.57,8.20,31.45,0.00,0
78.11,33.47,9.54,32.38,0.00,0
78.14,29.19,11.65,16.47,0.00,0
78.17,31.93,11.34,21.88,0.00,0
78.20,32.35,5.38,22.61,0.00,0
78.23,31.88,5.53,27.75,0.00,0
78.27,31.36,7.96,23.24,0.00,0
78.30,28.48,9.07,25.16,0.00,0
78.33,36.02,13.38,23.36,0.00,0
78.36,31.55,8.93,18.86,0.00,0
78.39,31.98,13.89,21.85,0.00,0
78.43,31.93,12.76,23.33,0.00,0
78.46,32.23,12.20,24.95,0.00,0
78.49,32.14,11.98,29.56,0.00,0
78.52,31.85,10.05,30.54,0.00,0
78.55,31.78,14.07,20.13,0.00,0
78.59,32.18,16.28,17.63,0.00,0
78.62,32.86,14.01,21.04,0.00,0
78.65,31.72,8.38,18.91,0.00,0
78.68,32.08,10.56,29.21,0.00,0
78.71,31.69,10.42,23.82,0.00,0
78.75,32.88,7.11,18.64,0.00,0
78.78,29.71,7.17,28.72,0.00,0
78.81,33.46,10.43,22.89,0.00,0
78.84,31.81,5.30,27.42,0.00,0
78.87,31.63,7.84,21.08,0.00,0
78.91,32.27,8.64,23.62,0.00,0
78.94,32.28,12.29,19.17,0.00,0
78.97,31.49,9.37,20.16,0.00,0
79.00,31.96,10.15,24.52,0.00,0
79.03,31.19,9.79,17.15,0.00,0
79.06,31.84,11.24,29.40,0.00,0
79.10,31.69,8.06,23.44,0.00,0
79.13,31.73,14.48,22.47,0.00,0
79.16,32.00,8.90,18.55,0.00,0
79.19,31.37,13.36,21.59,0.00,0
79.22,31.85,12.70,24.39,0.00,0
79.26,31.90,8.60,26.27,0.00,0
79.29,32.43,8.54,20.56,0.00,0
79.32,31.59,11.91,21.29,0.00,0
79.35,31.79,7.97,21.86,0.00,0
79.38,31.37,6.16,21.10,0.00,0
79.41,32.16,7.03,21.65,0.00,0
79.45,31.41,6.82,25.97,0.00,0
79.48,32.29,8.93,23.94,0.00,0
79.51,31.28,8.52,26.57,0.00,0
79.54,32.07,12.75,21.73,0.00,0
79.57,31.56,11.32,23.98,0.00,0
79.61,31.84,13.42,19.04,0.00,0
79.64,32.50,9.42,27.91,0.00,0
79.67,32.43,14.40,27.54,0.00,0
79.70,32.50,10.39,26.09,0.00,0
79.73,31.35,11.18,24.13,0.00,0
79.77,32.97,21.53,30.23,0.00,0
79.80,33.01,10.24,23.99,0.00,0
79.83,32.17,13.59,20.77,0.00,0
79.86,32.77,15.02,24.34,0.00,0
79.90,32.10,8.36,21.16,0.00,0
79.93,32.49,5.87,19.62,0.00,0
79.96,32.56,6.44,29.12,0.00,0
79.99,32.29,6.08,29.60,0.00,0
80.03,32.79,6.47,27.05,0.00,0
80.06,32.63,10.18,31.23,0.00,0
80.09,33.23,7.12,27.21,0.00,0
80.12,32.64,7.81,25.76,0.00,0
80.16,33.54,10.23,31.93,0.00,0
80.19,33.28,10.41,31.88,0.00,0
80.22,32.43,11.00,24.08,0.00,0
80.26,32.78,10.32,19.94,0.00,0
80.29,36.51,28.30,35.68,0.00,0
80.33,31.19,15.35,27.18,0.00,0
80.36,32.93,9.10,18.42,0.00,0
80.39,33.49,7.28,27.97,0.00,0
80.42,33.83,9.34,30.14,0.00,0
80.46,33.64,7.87,31.94,0.00,0
80.49,33.65,8.10,20.15,0.00,0
80.52,35.48,7.97,34.38,0.00,0
80.56,33.08,6.91,28.85,0.00,0
80.59,35.80,6.66,34.63,0.00,0
80.63,37.84,6.85,36.92,0.00,0
80.67,37.01,10.09,35.71,0.00,0
80.70,43.09,10.44,42.01,0.00,0
80.75,33.23,8.63,32.40,0.00,0
80.78,35.86,8.05,34.71,0.00,0
80.82,41.35,8.34,40.47,0.00,0
80.86,35.40,7.43,34.25,0.00,0
80.89,35.13,8.48,33.96,0.00,0
80.93,34.90,7.27,32.49,0.00,0
80.96,35.70,8.63,34.55,0.00,0
81.00,35.56,7.19,29.76,0.00,0
81.03,35.66,6.42,27.82,0.00,0
81.07,39.33,6.54,38.61,0.00,0
81.11,32.81,7.58,31.63,0.00,0
81.14,35.37,8.21,28.09,0.00,0
81.18,35.53,9.18,27.76,0.00,0
81.21,38.71,7.18,37.06,0.00,0
81.25,32.26,6.66,26.05,0.00,0
81.28,35.57,10.07,27.26,0.00,0
81.32,35.69,7.14,31.41,0.00,0
81.36,35.74,9.78,28.83,0.00,0
81.39,35.53,10.91,32.32,0.00,0
81.43,36.16,7.04,35.01,0.00,0
81.46,35.27,5.59,34.08,0.00,0
81.50,39.31,7.68,38.29,0.00,0
81.54,35.99,7.70,34.52,0.00,0
81.57,33.99,7.22,32.19,0.00,0
81.61,40.13,7.34,39.20,0.00,0
81.65,37.79,5.81,36.59,0.00,0
81.69,39.13,7.91,38.05,0.00,0
81.72,34.25,6.31,33.05,0.00,0
81.76,39.54,16.06,38.58,0.00,0
81.80,39.52,10.54,38.60,0.00,0
81.84,35.13,7.80,33.94,0.00,0
81.87,37.71,7.02,36.91,0.00,0
81.91,33.44,7.08,31.33,0.00,0
81.94,34.83,7.09,25.65,0.00,0
81.98,38.54,6.86,37.51,0.00,0
82.02,32.60,7.06,31.58,0.00,0
82.05,32.78,10.31,29.75,0.00,0
82.08,33.22,7.36,31.85,0.00,0
82.12,33.56,10.13,32.83,0.00,0
82.15,35.85,7.76,28.62,0.00,0
82.19,34.12,6.91,30.06,0.00,0
82.22,33.57,9.04,29.75,0.00,0
82.25,37.40,7.36,35.94,0.00,0
82.29,30.11,12.44,28.82,0.00,0
82.32,34.26,10.86,30.63,0.00,0
82.35,33.27,7.52,25.94,0.00,0
82.39,32.44,8.85,29.26,0.00,0
82.42,33.54,15.12,32.53,0.00,0
82.45,33.75,9.20,25.93,0.00,0
82.49,34.49,8.98,32.69,0.00,0
82.52,32.81,7.99,32.29,0.00,0
82.55,32.91,6.46,24.51,0.00,0
82.59,32.74,7.24,29.64,0.00,0
82.62,31.56,9.98,23.19,0.00,0
82.65,32.20,12.55,26.75,0.00,0
82.68,32.47,11.45,25.18,0.00,0
82.72,32.48,12.26,31.33,0.00,0
82.75,33.44,10.85,24.92,0.00,0
82.78,38.04,9.96,35.06,0.00,0
82.82,29.84,11.13,29.48,0.00,0
82.85,35.67,8.52,34.73,0.00,0
82.89,23.81,10.02,22.83,0.00,0
82.91,31.28,9.11,30.04,0.00,0
82.94,32.52,8.92,31.37,0.00,0
82.97,30.41,11.16,29.13,0.00,0
83.00,23.66,6.29,22.95,0.00,0
83.03,25.44,9.15,21.91,0.00,0
83.05,29.84,6.78,28.69,0.00,0
83.08,26.19,6.10,25.19,0.00,0
83.11,28.61,11.15,27.34,0.00,0
83.14,24.00,8.02,21.33,0.00,0
83.16,34.70,10.73,33.68,0.00,0
83.20,22.73,11.01,21.39,0.00,0
83.22,29.51,13.04,28.60,0.00,0
83.25,29.80,8.34,28.52,0.00,0
83.28,28.86,8.11,27.80,0.00,0
83.31,25.75,10.72,24.75,0.00,0
83.33,34.17,7.96,32.98,0.00,0
83.37,25.64,13.30,24.42,0.00,0
83.39,22.64,9.40,21.86,0.00,0
83.42,25.28,9.82,24.11,0.00,0
83.44,25.09,8.14,22.19,0.00,0
83.47,27.00,9.51,26.08,0.00,0
83.49,23.51,11.51,22.63,0.00,0
83.52,24.42,10.03,23.40,0.00,0
83.54,26.72,8.78,25.44,0.00,0
83.57,25.27,8.66,24.35,0.00,0
83.59,25.76,7.44,22.81,0.00,0
83.62,24.54,9.85,20.84,0.00,0
83.64,24.75,8.19,21.05,0.00,0
83.67,25.56,6.47,23.68,0.00,0
83.69,23.84,7.36,22.58,0.00,0
83.72,29.35,8.05,28.67,0.00,0
83.75,24.43,8.24,23.42,0.00,0
83.77,26.08,9.32,22.80,0.00,0
83.80,31.98,10.32,30.72,0.00,0
83.83,25.91,9.46,24.72,0.00,0
83.86,26.87,9.31,24.38,0.00,0
83.88,26.04,11.45,26.54,0.00,0
83.91,22.68,10.01,21.53,0.00,0
83.93,25.97,10.29,22.51,0.00,0
83.96,26.69,7.58,25.72,0.00,0
83.98,23.82,10.11,22.89,0.00,0
84.01,25.81,9.20,24.47,0.00,0
84.03,23.17,7.93,22.17,0.00,0
84.06,25.56,6.76,23.23,0.00,0
84.08,32.13,7.34,31.20,0.00,0
84.11,29.09,6.91,19.32,0.00,0
84.14,25.43,10.64,25.20,0.00,0
84.17,24.90,8.59,21.62,0.00,0
84.19,23.40,9.66,22.22,0.00,0
84.22,25.59,10.81,24.46,0.00,0
84.24,27.65,9.70,26.86,0.00,0
84.27,23.47,7.04,22.13,0.00,0
84.29,26.89,7.23,25.61,0.00,0
84.32,28.07,8.69,27.21,0.00,0
84.35,30.69,8.54,29.69,0.00,0
84.38,28.78,8.37,27.71,0.00,0
84.41,25.53,7.69,23.96,0.00,0
84.43,29.69,8.93,27.73,0.00,0
84.46,23.59,10.65,22.35,0.00,0
84.49,30.37,9.67,29.41,0.00,0
84.52,23.25,11.48,22.41,0.00,0
84.54,25.18,9.73,21.36,0.00,0
84.57,28.31,8.38,26.14,0.00,0
84.59,24.27,9.72,24.39,0.00,0
84.62,30.67,9.44,29.55,0.00,0
84.65,22.50,8.49,21.65,0.00,0
84.67,25.39,10.13,20.75,0.00,0
84.70,31.21,10.35,30.07,0.00,0
84.73,23.37,9.64,22.57,0.00,0
84.75,26.04,10.26,22.02,0.00,0
84.78,23.42,13.40,23.11,0.00,0
84.80,30.17,7.97,28.97,0.00,0
84.83,23.39,7.97,18.88,0.00,0
84.85,28.36,7.26,27.09,0.00,0
84.88,24.12,7.23,22.96,0.00,0
84.91,24.52,11.03,23.70,0.00,0
84.93,25.35,9.51,24.43,0.00,0
84.96,30.27,9.59,29.30,0.00,0
84.99,30.58,13.60,29.46,0.00,0
85.02,26.86,7.40,25.74,0.00,0
85.04,32.06,8.99,30.71,0.00,0
85.08,23.59,9.66,22.52,0.00,0
85.10,33.89,9.26,32.93,0.00,0
85.13,30.35,13.45,29.39,0.00,0
85.16,25.62,13.40,24.72,0.00,0
85.19,25.89,13.27,24.68,0.00,0
85.22,25.80,11.46,24.87,0.00,0
85.24,25.72,9.79,24.85,0.00,0
85.27,24.51,8.92,23.31,0.00,0
85.29,26.51,7.99,25.87,0.00,0
85.32,30.44,11.94,29.52,0.00,0
85.35,28.52,7.92,27.42,0.00,0
85.38,24.73,11.69,23.63,0.00,0
85.40,29.23,11.43,28.19,0.00,0
85.43,26.45,8.71,25.42,0.00,0
85.46,24.92,10.47,23.75,0.00,0
85.48,32.23,10.44,31.30,0.00,0
85.51,22.45,9.38,21.26,0.00,0
85.54,25.21,10.22,24.10,0.00,0
85.56,23.80,9.80,23.09,0.00,0
85.59,24.70,10.12,22.58,0.00,0
85.61,27.89,8.23,26.95,0.00,0
85.64,24.24,11.52,20.07,0.00,0
85.66,26.73,12.22,25.73,0.00,0
85.69,24.37,9.27,23.13,0.00,0
85.71,22.99,7.41,22.05,0.00,0
85.74,26.38,8.31,25.14,0.00,0
85.76,28.59,10.19,27.50,0.00,0
85.79,26.05,7.78,24.28,0.00,0
85.82,32.21,9.45,32.03,0.00,0
85.85,30.75,8.28,27.15,0.00,0
85.88,24.87,8.09,23.78,0.00,0
85.91,30.42,7.82,29.58,0.00,0
85.94,23.06,10.47,20.68,0.00,0
85.96,22.41,11.85,21.62,0.00,0
85.98,28.74,20.77,27.44,0.00,0
86.01,29.10,19.49,28.04,0.00,0
86.04,28.23,8.57,27.22,0.00,0
86.07,25.21,9.02,24.13,0.00,0
86.09,29.72,11.97,28.45,0.00,0
86.12,23.78,9.35,22.82,0.00,0
86.15,23.94,11.64,22.93,0.00,0
86.17,29.38,9.19,19.25,0.00,0
86.20,29.01,12.99,28.05,0.00,0
86.23,23.99,9.42,22.83,0.00,0
86.25,29.66,16.02,28.40,0.00,0
86.28,28.23,9.29,27.23,0.00,0
86.31,23.90,9.98,23.01,0.00,0
86.33,23.69,8.05,22.33,0.00,0
86.36,24.30,10.22,22.74,0.00,0
86.38,30.01,7.32,21.08,0.00,0
86.41,24.47,12.41,22.99,0.00,0
86.44,28.91,9.81,26.97,0.00,0
86.47,30.15,16.04,29.84,0.00,0
86.50,26.12,8.79,25.07,0.00,0
86.52,27.98,9.91,27.05,0.00,0
86.55,28.22,9.61,18.68,0.00,0
86.58,25.83,12.92,24.84,0.00,0
86.60,21.53,7.98,19.85,0.00,0
86.63,24.41,8.54,23.22,0.00,0
86.65,31.78,8.02,29.55,0.00,0
86.68,24.38,19.36,24.15,0.00,0
86.71,24.90,14.34,22.40,0.00,0
86.73,25.65,7.64,24.57,0.00,0
86.76,26.84,6.22,25.78,0.00,0
86.78,27.66,8.19,26.34,0.00,0
86.81,33.79,8.75,16.57,0.00,0
86.85,28.27,12.68,29.03,0.00,0
86.87,30.87,8.24,19.55,0.00,0
86.90,34.62,7.74,33.42,0.00,0
86.94,33.67,15.12,32.25,0.00,0
86.97,23.34,10.66,22.34,0.00,0
87.00,25.97,6.48,24.64,0.00,0
87.02,30.24,7.11,29.28,0.00,0
87.05,25.49,12.30,24.40,0.00,0
87.08,25.28,12.49,21.62,0.00,0
87.10,31.05,11.80,30.24,0.00,0
87.13,24.79,10.53,20.93,0.00,0
87.16,27.71,5.08,26.65,0.00,0
87.19,23.54,7.19,22.47,0.00,0
87.21,26.27,8.50,22.06,0.00,0
87.24,30.15,8.23,17.86,0.00,0
87.27,23.90,13.43,22.88,0.00,0
87.29,29.30,8.76,28.40,0.00,0
87.32,23.87,9.58,22.03,0.00,0
87.34,24.83,10.89,23.75,0.00,0
87.37,25.69,12.85,24.74,0.00,0
87.39,27.32,6.43,25.97,0.00,0
87.42,25.02,12.65,24.39,0.00,0
87.45,23.13,14.17,22.16,0.00,0
87.47,30.92,9.31,20.45,0.00,0
87.50,30.55,11.14,29.52,0.00,0
87.53,25.13,9.88,22.28,0.00,0
87.56,25.25,5.91,22.67,0.00,0
87.58,34.12,7.32,16.39,0.00,0
87.62,27.86,9.46,25.85,0.00,0
87.64,23.27,7.62,23.57,0.00,0
87.67,24.21,7.69,23.26,0.00,0
87.69,31.97,6.61,19.51,0.00,0
87.72,26.03,11.64,25.14,0.00,0
87.75,24.59,10.31,23.69,0.00,0
87.77,25.60,8.58,23.56,0.00,0
87.80,33.08,10.15,14.65,0.00,0
87.83,23.81,10.41,25.53,0.00,0
87.86,23.46,12.69,22.30,0.00,0
87.88,29.08,7.70,18.17,0.00,0
87.91,28.34,11.58,27.49,0.00,0
87.94,22.62,21.47,21.80,0.00,0
87.96,30.23,8.55,16.91,0.00,0
87.99,29.42,12.67,28.04,0.00,0
88.02,25.37,7.84,25.50,0.00,0
88.04,27.70,10.33,16.99,0.00,0
88.07,21.12,11.07,20.47,0.00,0
88.09,25.05,8.61,23.86,0.00,0
88.12,22.97,9.02,21.65,0.00,0
88.14,31.52,8.26,18.79,0.00,0
88.17,23.11,9.40,23.69,0.00,0
88.20,27.27,18.01,18.36,0.00,0
88.22,23.72,10.98,22.95,0.00,0
88.25,22.93,14.72,21.55,0.00,0
88.27,28.85,7.70,15.92,0.00,0
88.30,26.83,15.19,25.90,0.00,0
88.33,22.36,12.25,21.11,0.00,0
88.35,29.77,8.85,21.40,0.00,0
88.38,22.55,12.64,21.65,0.00,0
88.40,27.70,7.89,13.07,0.00,0
88.43,25.29,13.27,24.35,0.00,0
88.45,24.17,7.08,23.32,0.00,0
88.48,29.59,6.06,23.04,0.00,0
88.51,23.57,15.02,22.37,0.00,0
88.53,28.58,10.34,20.73,0.00,0
88.56,22.69,9.73,21.45,0.00,0
88.58,31.00,8.55,12.31,0.00,0
88.61,27.58,13.19,27.51,0.00,0
88.64,23.17,19.78,22.11,0.00,0
88.66,32.71,10.09,22.25,0.00,0
88.70,22.25,9.94,21.70,0.00,0
88.72,30.75,6.84,17.86,0.00,0
88.75,28.47,11.27,27.54,0.00,0
88.78,22.19,10.03,21.17,0.00,0
88.80,33.27,7.09,16.75,0.00,0
88.83,25.28,10.72,24.39,0.00,0
88.86,30.53,11.48,23.62,0.00,0
88.89,26.01,11.92,24.92,0.00,0
88.92,28.03,9.50,26.57,0.00,0
88.94,24.89,10.18,23.88,0.00,0
88.97,29.81,9.92,20.10,0.00,0
89.00,25.20,12.23,24.18,0.00,0
89.02,22.08,13.10,20.75,0.00,0
89.05,32.54,8.91,21.18,0.00,0
89.08,24.01,9.91,22.47,0.00,0
89.10,28.90,13.86,18.71,0.00,0
89.13,21.77,12.92,20.05,0.00,0
89.15,33.07,9.01,13.89,0.00,0
89.19,19.70,8.40,20.31,0.00,0
89.21,34.20,8.38,23.49,0.00,0
89.24,24.52,8.14,23.74,0.00,0
89.26,30.31,14.57,18.80,0.00,0
89.29,25.53,16.55,25.82,0.00,0
89.32,31.31,12.14,20.24,0.00,0
89.35,21.86,11.12,20.76,0.00,0
89.37,31.27,11.01,17.61,0.00,0
89.40,24.21,8.26,23.49,0.00,0
89.43,22.31,12.20,20.89,0.00,0
89.45,32.73,5.97,15.40,0.00,0
89.48,28.30,12.84,27.01,0.00,0
89.51,30.84,11.97,18.78,0.00,0
89.54,25.02,12.45,24.29,0.00,0
89.57,23.26,7.73,22.48,0.00,0
89.59,32.13,8.58,17.36,0.00,0
89.62,26.01,11.17,25.14,0.00,0
89.65,29.88,9.40,20.16,0.00,0
89.68,22.37,8.79,21.74,0.00,0
89.70,32.11,9.06,16.12,0.00,0
89.73,24.60,12.86,23.61,0.00,0
89.76,30.62,8.19,12.89,0.00,0
89.79,20.92,10.74,20.03,0.00,0
89.81,32.38,7.66,11.17,0.00,0
89.84,20.42,10.30,17.25,0.00,0
89.86,32.74,7.20,13.07,0.00,0
89.90,21.00,9.23,20.02,0.00,0
89.92,32.06,7.73,14.91,0.00,0
89.95,23.02,11.32,21.73,0.00,0
89.97,29.35,7.47,13.02,0.00,0
90.00,22.69,12.29,21.08,0.00,0
90.02,30.31,7.44,14.14,0.00,0
90.05,18.98,8.07,17.81,0.00,0
90.07,31.58,7.24,12.27,0.00,0
90.10,20.28,7.96,18.28,0.00,0
90.12,30.00,6.20,14.91,0.00,0
90.15,20.05,8.25,17.67,0.00,0
90.17,30.33,6.59,17.11,0.00,0
90.20,18.41,7.89,16.51,0.00,0
90.22,31.46,9.30,12.83,0.00,0
90.25,20.31,7.49,19.65,0.00,0
90.27,29.24,5.94,14.58,0.00,0
90.30,20.17,9.18,18.23,0.00,0
